mxf_time,mxf_open,mxf_high,mxf_low,mxf_close,mxf_volume,spy_time,spy_open,spy_high,spy_low,spy_close,spy_volume
2026-02-28 21:30:46.199061,32015.97955366412,32053.457558201168,32005.834846802114,32043.034267361643,2631,2025-03-31 13:30:00+00:00,549.8300170898438,551.5900268554688,546.8699951171875,549.510009765625,14543912
2026-02-28 22:30:46.199061,32025.521040944484,32037.97131760173,31976.461200463043,32038.096299926106,4748,2025-03-31 14:30:00+00:00,549.5499877929688,553.469970703125,549.489990234375,552.530029296875,7567469
2026-02-28 23:30:46.199061,32068.486824932097,32073.09518288403,32044.57055611689,32096.516205550717,2534,2025-03-31 15:30:00+00:00,552.510009765625,554.5900268554688,551.9149780273438,554.5549926757812,5492250
2026-03-01 00:30:46.199061,32039.107741748983,32067.58475097387,32000.68636367465,32021.80734610026,4213,2025-03-31 16:30:00+00:00,554.5499877929688,555.1599731445312,552.8200073242188,553.6400146484375,4460280
2026-03-01 01:30:46.199061,32081.695749908733,32110.108719909233,32054.221005143085,32094.068427120583,668,2025-03-31 17:30:00+00:00,553.6303100585938,556.9600219726562,552.7100219726562,556.9500122070312,7991520
2026-03-01 02:30:46.199061,32012.172026188586,32065.83782385496,31966.793590479658,32013.318855518337,3166,2025-03-31 18:30:00+00:00,556.9299926757812,559.1900024414062,556.260009765625,557.4099731445312,12744082
2026-03-01 03:30:46.199061,32007.444685696755,32007.78662529203,32005.911322945707,32034.023013091206,1280,2025-03-31 19:30:00+00:00,557.2999877929688,560.711181640625,557.1300048828125,559.217529296875,18177869
2026-03-01 04:30:46.199061,32052.47237846494,32059.35915521847,32038.864722678594,32068.574784992717,2358,2025-04-01 13:30:00+00:00,557.4500122070312,558.5800170898438,553.6799926757812,555.1400146484375,10677559
2026-03-01 21:30:46.199061,31958.38613746861,31999.24154887995,31948.190629867975,31930.310708171994,2954,2025-04-01 14:30:00+00:00,555.135009765625,561.87939453125,555.030029296875,560.7990112304688,9160334
2026-03-01 22:30:46.199061,31914.773588604094,31942.258665041125,31870.436704746022,31915.229131801967,2560,2025-04-01 15:30:00+00:00,560.8200073242188,562.9400024414062,560.2000122070312,560.75,5017355
2026-03-01 23:30:46.199061,31828.346588712982,31843.528569180802,31796.70076004849,31825.325906400853,1763,2025-04-01 16:30:00+00:00,560.760009765625,561.3800048828125,559.1799926757812,559.4199829101562,5087873
2026-03-02 00:30:46.199061,31810.132004653937,31819.908336322263,31795.89843582123,31795.700055743237,4311,2025-04-01 17:30:00+00:00,559.3300170898438,560.3599853515625,556.4293212890625,556.6895141601562,5255171
2026-03-02 01:30:46.199061,31767.506110048664,31782.516106476396,31765.406961564957,31760.735027677507,2680,2025-04-01 18:30:00+00:00,556.6749877929688,558.9949951171875,556.1500244140625,558.4293212890625,5055328
2026-03-02 02:30:46.199061,31736.254382191408,31763.66237560131,31721.030770987498,31724.639151615578,904,2025-04-01 19:30:00+00:00,558.4299926757812,561.52001953125,558.1713256835938,561.0499877929688,7822961
2026-03-02 03:30:46.199061,31749.19121041727,31768.049216105002,31697.021509896844,31726.647452726404,4688,2025-04-02 13:30:00+00:00,555.0499877929688,560.9161987304688,555.0,560.8599853515625,11110187
2026-03-02 04:30:46.199061,31822.086655487237,31847.343249729565,31811.781349575733,31822.288687323748,2134,2025-04-02 14:30:00+00:00,560.844970703125,563.75,560.3400268554688,563.3099975585938,4928412
2026-03-02 21:30:46.199061,31911.410375314044,31926.68504020767,31842.25384640373,31886.010312146904,4908,2025-04-02 15:30:00+00:00,563.3300170898438,564.280029296875,561.1021728515625,564.280029296875,5175571
2026-03-02 22:30:46.199061,31793.805124141407,31797.065462555947,31747.702211612203,31771.0443301821,3588,2025-04-02 16:30:00+00:00,564.2899780273438,567.4199829101562,563.5700073242188,566.076904296875,6932730
2026-03-02 23:30:46.199061,31834.586695543036,31863.26432698246,31797.827810567855,31797.36149163226,520,2025-04-02 17:30:00+00:00,566.030029296875,566.098876953125,561.0999755859375,561.0999755859375,6016884
2026-03-03 00:30:46.199061,31787.120169857233,31792.0066398448,31767.629235629785,31795.03668181763,272,2025-04-02 18:30:00+00:00,561.1099853515625,563.7849731445312,560.9600219726562,563.2000122070312,5155014
2026-03-03 01:30:46.199061,31809.79411774515,31838.567521779198,31788.729230357203,31819.270907739872,618,2025-04-02 19:30:00+00:00,563.1799926757812,565.655029296875,562.6500244140625,564.6599731445312,9980231
2026-03-03 02:30:46.199061,31845.934547657453,31912.549369043816,31838.919512524215,31856.54476130425,3366,2025-04-03 13:30:00+00:00,545.1099853515625,547.969970703125,541.5700073242188,543.0700073242188,29004649
2026-03-03 03:30:46.199061,31877.176018314625,31907.68580890923,31872.905851865547,31880.102268764385,3793,2025-04-03 14:30:00+00:00,543.0399780273438,543.9000244140625,539.5800170898438,541.72998046875,16552108
2026-03-03 04:30:46.199061,31943.953627069324,31962.42925463985,31930.961256503684,31959.42617506143,4579,2025-04-03 15:30:00+00:00,541.780029296875,545.9600219726562,541.6400146484375,545.9199829101562,11059829
2026-03-03 21:30:46.199061,31947.450016766667,31956.639426991005,31921.441292434454,31929.24886947372,2211,2025-04-03 16:30:00+00:00,545.9400024414062,546.3599853515625,541.9199829101562,542.260009765625,8382232
2026-03-03 22:30:46.199061,31976.323519293695,31980.626797444336,31954.83492859337,31976.21374268838,4890,2025-04-03 17:30:00+00:00,542.239990234375,543.7899780273438,540.364990234375,540.7899780273438,7946313
2026-03-03 23:30:46.199061,31978.65403774018,32021.361042207693,31967.657236316616,31968.22650328301,2312,2025-04-03 18:30:00+00:00,540.77001953125,542.3499755859375,538.5499877929688,539.030029296875,12979802
2026-03-04 00:30:46.199061,31938.10279744335,31959.297797020914,31937.65132865117,31948.744974490113,2498,2025-04-03 19:30:00+00:00,539.0399780273438,539.6300048828125,537.5599975585938,537.6400146484375,20407737
2026-03-04 01:30:46.199061,31828.0745373547,31853.966497398862,31816.830222119024,31845.00619487313,2140,2025-04-04 13:30:00+00:00,524.72998046875,525.8699951171875,516.239990234375,516.2899780273438,42365546
2026-03-04 02:30:46.199061,31826.20939116286,31852.19859409294,31767.81430905685,31856.115882843744,1934,2025-04-04 14:30:00+00:00,516.260009765625,522.5900268554688,510.0499877929688,516.3499755859375,35813214
2026-03-04 03:30:46.199061,31812.33985743962,31855.533316219447,31811.361840699836,31820.9700561014,3232,2025-04-04 15:30:00+00:00,516.4000244140625,518.3499755859375,511.8599853515625,512.3900146484375,15755943
2026-03-04 04:30:46.199061,31915.125393607766,31929.133997439814,31900.82343016475,31899.139900805723,1377,2025-04-04 16:30:00+00:00,512.3400268554688,514.3599853515625,508.5799865722656,511.1600036621094,16611385
2026-03-04 21:30:46.199061,31947.00686948813,31951.5741629397,31945.282139571336,31960.65223874977,742,2025-04-04 17:30:00+00:00,511.1600036621094,515.8200073242188,508.55999755859375,508.7999877929688,18303026
2026-03-04 22:30:46.199061,31982.077068048613,31982.494486601263,31932.74929348682,31952.625940853864,1529,2025-04-04 18:30:00+00:00,508.9100036621094,512.0399780273438,505.5199890136719,510.5199890136719,24417626
2026-03-04 23:30:46.199061,31976.44154830799,32004.234929275037,31935.430707311785,31952.357826343796,3740,2025-04-04 19:30:00+00:00,510.5299987792969,513.919677734375,505.05999755859375,505.510009765625,30876759
2026-03-05 00:30:46.199061,32008.849725827262,32052.917582708676,31990.255695049575,31995.705648404255,2068,2025-04-07 13:30:00+00:00,489.1900024414063,523.1699829101562,481.7999877929688,498.1799926757813,92264010
2026-03-05 01:30:46.199061,32014.4251400649,32067.426413106496,32011.18857983387,32012.493151524133,4515,2025-04-07 14:30:00+00:00,498.1900024414063,509.7699890136719,492.6600036621094,493.7900085449219,47911914
2026-03-05 02:30:46.199061,31979.193112450146,32022.686830753664,31943.142252549565,31944.706884041298,2703,2025-04-07 15:30:00+00:00,493.75,503.9800109863281,493.7300109863281,499.55999755859375,19441560
2026-03-05 03:30:46.199061,31912.462772020543,31935.916725047904,31862.279295933466,31911.05699004158,3891,2025-04-07 16:30:00+00:00,499.55999755859375,505.9400024414063,494.7000122070313,505.6199951171875,18233685
2026-03-05 04:30:46.199061,31867.64229812777,31873.84375909384,31842.66121116482,31865.74501149201,4490,2025-04-07 17:30:00+00:00,505.6199951171875,510.4700012207031,502.1600036621094,505.1900024414063,18390363
2026-03-05 21:30:46.199061,31926.042050458705,31928.047855637866,31876.033074733627,31916.51230196302,3851,2025-04-07 18:30:00+00:00,505.1499938964844,508.3399963378906,500.1400146484375,500.6050109863281,17570375
2026-03-05 22:30:46.199061,31828.35747199969,31863.602382700832,31806.100640439254,31813.774296486812,2163,2025-04-07 19:30:00+00:00,500.6050109863281,506.6400146484375,500.55999755859375,504.5400085449219,20887500
2026-03-05 23:30:46.199061,31875.577261434777,31882.015402100697,31846.339945837168,31888.507039901247,554,2025-04-08 13:30:00+00:00,521.8599853515625,524.9500122070312,517.7899780273438,523.3699951171875,32395682
2026-03-06 00:30:46.199061,31865.727257805505,31888.08779487065,31824.95512310586,31899.66389051854,4928,2025-04-08 14:30:00+00:00,523.3599853515625,524.2100219726562,514.0999755859375,514.1599731445312,15639923
2026-03-06 01:30:46.199061,31848.968719967084,31859.993951834793,31828.61917895971,31843.90893142774,3481,2025-04-08 15:30:00+00:00,514.1900024414062,518.5250244140625,511.7999877929688,513.9600219726562,12623527
2026-03-06 02:30:46.199061,31778.433706276362,31798.822745505826,31756.92933978121,31788.391692571455,1330,2025-04-08 16:30:00+00:00,514.1300048828125,514.5999755859375,502.25,502.4500122070313,25291752
2026-03-06 03:30:46.199061,31788.457017808014,31839.157317055975,31741.785774801847,31776.50939576585,4715,2025-04-08 17:30:00+00:00,502.3699951171875,509.1099853515625,502.0299987792969,502.4100036621094,15525802
2026-03-06 04:30:46.199061,31822.668271883318,31839.02009188594,31792.369827764047,31810.834920262336,563,2025-04-08 18:30:00+00:00,502.4400024414063,507.8200073242188,494.489990234375,497.510009765625,20869345
2026-03-06 21:30:46.199061,31847.642028859114,31863.17901327239,31834.79797146215,31830.39396232633,250,2025-04-08 19:30:00+00:00,497.5299987792969,497.5899963378906,489.1600036621094,496.739990234375,28407590
2026-03-06 22:30:46.199061,31837.27389194524,31838.065392501438,31829.525211355525,31821.18316182887,4421,2025-04-09 13:30:00+00:00,493.4400024414063,503.6700134277344,493.4299926757813,498.9700012207031,36291097
2026-03-06 23:30:46.199061,31894.558992854196,31901.15428059412,31888.911534492472,31912.930341207993,1949,2025-04-09 14:30:00+00:00,499.0700073242188,501.6700134277344,493.0499877929688,498.2799987792969,14350835
2026-03-07 00:30:46.199061,31887.219877892265,31900.38618572598,31842.22875858913,31862.278756286112,532,2025-04-09 15:30:00+00:00,498.2900085449219,500.5499877929688,494.7699890136719,499.260009765625,9459825
2026-03-07 01:30:46.199061,31845.819527326814,31862.696215229636,31836.745660611225,31868.768803602565,2078,2025-04-09 16:30:00+00:00,499.1900024414063,533.4000244140625,498.6499938964844,523.9600219726562,42313803
2026-03-07 02:30:46.199061,31801.59618950768,31853.83172962567,31767.93128148719,31784.501112502545,3535,2025-04-09 17:30:00+00:00,524.02001953125,539.7100219726562,522.9500122070312,538.1500244140625,48124914
2026-03-07 03:30:46.199061,31842.10256863325,31882.18685907431,31830.68886802271,31857.884577134355,2251,2025-04-09 18:30:00+00:00,538.1599731445312,541.780029296875,529.6799926757812,540.489990234375,28925228
2026-03-07 04:30:46.199061,31839.1739375433,31881.270574497074,31827.814449908645,31821.03613595903,889,2025-04-09 19:30:00+00:00,540.4500122070312,546.3300170898438,539.5399780273438,542.8400268554688,30528201
2026-03-07 21:30:46.199061,31809.650487284147,31811.831888491866,31783.93939652204,31793.286744040848,1626,2025-04-10 13:30:00+00:00,532.1699829101562,533.4949951171875,526.340087890625,528.1099853515625,30002994
2026-03-07 22:30:46.199061,31873.374338376045,31907.051211771734,31852.624458946746,31881.591613047483,3899,2025-04-10 14:30:00+00:00,528.1199951171875,531.9600219726562,523.7100219726562,523.710205078125,14268723
2026-03-07 23:30:46.199061,31793.15837307535,31822.6632332797,31775.770370421895,31785.831280769693,3386,2025-04-10 15:30:00+00:00,523.719970703125,524.27001953125,509.3200073242188,511.8599853515625,24992857
2026-03-08 00:30:46.199061,31832.96120134916,31854.66864964139,31807.589349851798,31854.997496386335,1663,2025-04-10 16:30:00+00:00,511.8150024414063,524.7000122070312,511.5126953125,519.3200073242188,24306141
2026-03-08 01:30:46.199061,31803.465083023155,31832.860912987868,31752.76040065015,31815.453175269133,1463,2025-04-10 17:30:00+00:00,519.2100219726562,528.760009765625,518.3200073242188,528.3900146484375,17647611
2026-03-08 02:30:46.199061,31838.566005356235,31852.395015934915,31831.551882495693,31845.353280321346,3731,2025-04-10 18:30:00+00:00,528.3900146484375,529.7100219726562,522.3699951171875,522.4299926757812,15841554
2026-03-08 03:30:46.199061,31815.852468552937,31846.07088517446,31793.742263553475,31823.59460326467,2673,2025-04-10 19:30:00+00:00,522.469970703125,526.52001953125,518.2000122070312,524.7100219726562,21618301
2026-03-08 04:30:46.199061,31821.300461125986,31840.084417734215,31739.238818757203,31842.832886246197,4432,2025-04-11 13:30:00+00:00,523.010009765625,528.8400268554688,520.0700073242188,520.6900024414062,23549599
2026-03-08 21:30:46.199061,31874.78295789455,31892.192743230265,31869.30664621708,31851.12393173771,348,2025-04-11 14:30:00+00:00,520.7999877929688,527.4199829101562,520.0900268554688,523.0800170898438,10856787
2026-03-08 22:30:46.199061,31868.365182588866,31891.059237034966,31829.371872519914,31887.01448938427,2929,2025-04-11 15:30:00+00:00,523.030029296875,528.6699829101562,522.4199829101562,527.3900146484375,6510151
2026-03-08 23:30:46.199061,31844.021066170324,31857.36024227775,31836.587805829557,31843.37332804598,1626,2025-04-11 16:30:00+00:00,527.5349731445312,533.0900268554688,527.447509765625,529.8300170898438,9028032
2026-03-09 00:30:46.199061,31850.854445558052,31856.278485481358,31819.14988649108,31839.85566546754,949,2025-04-11 17:30:00+00:00,529.8400268554688,536.4299926757812,528.8400268554688,533.1500244140625,12079094
2026-03-09 01:30:46.199061,31834.891615183573,31854.391007984865,31830.15012439878,31803.56977829959,1805,2025-04-11 18:30:00+00:00,533.1699829101562,535.6799926757812,531.969970703125,534.739990234375,8419270
2026-03-09 02:30:46.199061,31872.63853514646,31895.964711991175,31846.83202624795,31870.65627345648,2161,2025-04-11 19:30:00+00:00,534.239990234375,535.4500122070312,533.47998046875,533.969970703125,14411198
2026-03-09 03:30:46.199061,31871.934879901222,31889.559976998364,31842.621309234535,31866.84195511856,418,2025-04-14 13:30:00+00:00,544.0499877929688,544.280029296875,539.2100219726562,542.1199951171875,15299938
2026-03-09 04:30:46.199061,31816.69207008088,31857.99618980235,31785.56234489738,31788.161172264572,2734,2025-04-14 14:30:00+00:00,542.1400146484375,543.8499755859375,538.4299926757812,538.52001953125,7367485
2026-03-09 21:30:46.199061,31816.325839912843,31858.730145185367,31803.29721043167,31810.57804297002,1906,2025-04-14 15:30:00+00:00,538.6400146484375,539.9299926757812,533.8599853515625,535.8499755859375,11263483
2026-03-09 22:30:46.199061,31872.575779471743,31887.636680358322,31849.310994568044,31879.02540830924,2847,2025-04-14 16:30:00+00:00,536.1900024414062,539.22998046875,535.2899780273438,537.2999877929688,6740197
2026-03-09 23:30:46.199061,31967.919673947858,32001.741131067036,31944.476324970004,31981.01715824245,2293,2025-04-14 17:30:00+00:00,537.260009765625,540.510009765625,536.489990234375,540.3800048828125,4787723
2026-03-10 00:30:46.199061,31990.833188024797,32027.736220406336,31974.976310570913,31970.855292317996,939,2025-04-14 18:30:00+00:00,540.3800048828125,542.5800170898438,540.0499877929688,541.3300170898438,6841970
2026-03-10 01:30:46.199061,32016.39474198478,32060.977768982673,31998.443647907086,32025.990859304195,2179,2025-04-14 19:30:00+00:00,541.3200073242188,542.1500244140625,538.3599853515625,538.97998046875,10593214
2026-03-10 02:30:46.199061,31973.260323207585,32014.316961378332,31969.45275506394,31978.65261454056,2408,2025-04-15 13:30:00+00:00,539.6749877929688,543.22998046875,538.1400146484375,539.4000244140625,13251297
2026-03-10 03:30:46.199061,31970.78013884825,31975.699567484022,31960.153127629288,31980.111660085335,4313,2025-04-15 14:30:00+00:00,539.4000244140625,542.030029296875,539.0800170898438,540.1701049804688,6975391
2026-03-10 04:30:46.199061,31948.89804621324,31959.470548692345,31912.65691120131,31924.476675162092,3598,2025-04-15 15:30:00+00:00,540.219970703125,541.6199951171875,539.4400024414062,540.97998046875,4160619
2026-03-10 21:30:46.199061,31948.096586042768,31957.421649029777,31894.952532194613,31957.25415247556,4246,2025-04-15 16:30:00+00:00,541.0,541.43017578125,537.3699951171875,537.760009765625,4615591
2026-03-10 22:30:46.199061,31947.329633490204,31949.491136635388,31926.24039925829,31958.604620464466,161,2025-04-15 17:30:00+00:00,537.77001953125,539.2457275390625,536.8099975585938,537.5,5182402
2026-03-10 23:30:46.199061,31977.286981449473,32011.158108910702,31960.739992700812,31970.160750865234,2165,2025-04-15 18:30:00+00:00,537.5800170898438,539.2899780273438,537.5499877929688,538.3433837890625,7834007
2026-03-11 00:30:46.199061,31999.842942552274,32020.072508151567,31968.005291202648,31995.46135951419,4292,2025-04-15 19:30:00+00:00,538.3599853515625,538.72998046875,537.1400146484375,537.72998046875,7978727
2026-03-11 01:30:46.199061,31998.255833980616,32000.408148787945,31985.912491323503,31990.355698308846,2184,2025-04-16 13:30:00+00:00,531.6799926757812,533.8599853515625,529.6500244140625,531.77001953125,11980414
2026-03-11 02:30:46.199061,31896.371664634138,31939.870051101305,31881.21677690808,31911.77522190955,1506,2025-04-16 14:30:00+00:00,531.760009765625,535.1099853515625,531.3049926757812,534.6400146484375,7002305
2026-03-11 03:30:46.199061,31935.30339030758,31938.224719523063,31899.41083076359,31918.870610261456,2375,2025-04-16 15:30:00+00:00,534.6599731445312,534.72998046875,530.7650146484375,531.5050048828125,6164417
2026-03-11 04:30:46.199061,31883.878917117254,31942.278926621024,31840.900686780566,31866.497342198687,4439,2025-04-16 16:30:00+00:00,531.5,532.1199951171875,530.219970703125,531.5294799804688,5092151
2026-03-11 21:30:46.199061,31904.61042306029,31910.19549235333,31879.63345883996,31892.49573717455,4619,2025-04-16 17:30:00+00:00,531.5499877929688,531.6199951171875,523.9400024414062,526.0,13272632
2026-03-11 22:30:46.199061,31916.44786436984,31957.68980508309,31886.633228902534,31901.704815837722,1511,2025-04-16 18:30:00+00:00,526.0,526.1796875,520.2899780273438,520.6649780273438,11474421
2026-03-11 23:30:46.199061,31858.49679572436,31869.928946944376,31812.136756289445,31864.882786165825,381,2025-04-16 19:30:00+00:00,520.6900024414062,526.1699829101562,520.6900024414062,525.719970703125,13824406
2026-03-12 00:30:46.199061,31893.814385976457,31919.58352133024,31869.29892873478,31884.142516738804,4200,2025-04-17 13:30:00+00:00,527.6400146484375,529.3099975585938,525.1600952148438,525.280029296875,13289315
2026-03-12 01:30:46.199061,31991.077871555943,32002.802392100293,31979.785375872674,32008.43416006712,528,2025-04-17 14:30:00+00:00,525.280029296875,528.8499755859375,523.9099731445312,526.7100219726562,13668147
2026-03-12 02:30:46.199061,32039.60363964277,32059.442786553212,32035.692076537987,32065.24975576393,1180,2025-04-17 15:30:00+00:00,526.7100219726562,529.8699951171875,526.219970703125,529.4500122070312,8473718
2026-03-12 03:30:46.199061,32086.53633826973,32105.291127294346,32034.05475925297,32104.718734927512,3678,2025-04-17 16:30:00+00:00,529.4500122070312,530.4099731445312,527.6099853515625,527.6799926757812,5332592
2026-03-12 04:30:46.199061,32079.837531205685,32081.259137732926,32067.900801471413,32048.393538669774,3155,2025-04-17 17:30:00+00:00,527.6900024414062,531.1649780273438,527.6699829101562,530.02001953125,8628170
2026-03-12 21:30:46.199061,31973.518896697176,31982.68592708836,31959.318299927425,31978.959008401376,4817,2025-04-17 18:30:00+00:00,530.02001953125,530.9199829101562,526.6300048828125,527.3099975585938,7770089
2026-03-12 22:30:46.199061,31908.587113891026,31933.42658657852,31891.53660616491,31919.25977957918,102,2025-04-17 19:30:00+00:00,527.3599853515625,528.510009765625,525.7100219726562,526.3900146484375,11827981
2026-03-12 23:30:46.199061,31934.59125984728,31957.841070720217,31868.460747637473,31972.68156621481,297,2025-04-21 13:30:00+00:00,521.5496215820312,521.6199951171875,515.1900024414062,515.6300048828125,10143236
2026-03-13 00:30:46.199061,31928.132204647038,31937.349797224913,31906.509389381707,31936.99981005014,2816,2025-04-21 14:30:00+00:00,515.6400146484375,516.8599853515625,512.7899780273438,513.1099853515625,7214382
2026-03-13 01:30:46.199061,31911.111163057838,31920.26402680263,31889.596248774233,31920.107414811842,4070,2025-04-21 15:30:00+00:00,513.1099853515625,513.3599853515625,510.7999877929688,511.6600036621094,7379820
2026-03-13 02:30:46.199061,31839.64754453247,31852.33385243034,31805.745075725958,31827.544184266346,1987,2025-04-21 16:30:00+00:00,511.6600036621094,513.25,509.5408935546875,509.9612121582031,8162306
2026-03-13 03:30:46.199061,31867.80718528496,31872.340420614677,31864.620801331537,31876.03357724265,1154,2025-04-21 17:30:00+00:00,509.9500122070313,510.510009765625,508.4599914550781,509.9100036621094,6279346
2026-03-13 04:30:46.199061,31797.768439836098,31802.61064431485,31769.836381996607,31823.39978785141,4917,2025-04-21 18:30:00+00:00,509.8999938964844,511.1700134277344,508.6900024414063,510.364990234375,10260524
2026-03-13 21:30:46.199061,31850.031339577392,31870.30008664137,31842.336098431413,31842.816868113867,2791,2025-04-21 19:30:00+00:00,510.3599853515625,514.8699951171875,510.3599853515625,513.969970703125,12839723
2026-03-13 22:30:46.199061,31870.11395596197,31879.560889790413,31833.851560412942,31864.36823936028,125,2025-04-22 13:30:00+00:00,520.1400146484375,523.4400024414062,519.1925048828125,523.0599975585938,10672175
2026-03-13 23:30:46.199061,31825.588993119905,31842.013099635027,31798.375258549357,31835.25926971287,1985,2025-04-22 14:30:00+00:00,523.0700073242188,525.8137817382812,522.260009765625,524.9400024414062,6943018
2026-03-14 00:30:46.199061,31799.66985711596,31809.64607648466,31792.182322561937,31818.992350215478,4243,2025-04-22 15:30:00+00:00,524.9500122070312,529.3049926757812,523.760009765625,528.7999877929688,10602089
2026-03-14 01:30:46.199061,31831.542372379237,31855.376173074146,31821.732172028052,31821.09356911979,773,2025-04-22 16:30:00+00:00,528.7899780273438,529.1099853515625,522.3300170898438,522.6500244140625,11379772
2026-03-14 02:30:46.199061,31790.19638652453,31803.20780505631,31752.352318372836,31767.964576859624,605,2025-04-22 17:30:00+00:00,522.5700073242188,525.6699829101562,521.760009765625,525.3900146484375,7422148
2026-03-14 03:30:46.199061,31790.711242213736,31795.231313301432,31766.932674134405,31762.744104156194,4886,2025-04-22 18:30:00+00:00,525.3900146484375,527.22998046875,524.25,524.6900024414062,6653271
2026-03-14 04:30:46.199061,31729.58525223365,31739.598473173806,31696.592847590502,31747.77569974479,1170,2025-04-22 19:30:00+00:00,524.6699829101562,527.5,524.2100219726562,526.969970703125,10594115
2026-03-14 21:30:46.199061,31748.15344034765,31755.547365689024,31719.636744105366,31774.00113963452,4044,2025-04-23 13:30:00+00:00,540.4299926757812,545.4000244140625,539.5999755859375,543.8800048828125,26408712
2026-03-14 22:30:46.199061,31791.673730608778,31805.462281783024,31784.583444244414,31807.08984903824,2629,2025-04-23 14:30:00+00:00,543.8200073242188,545.2000122070312,537.6699829101562,538.5900268554688,11096086
2026-03-14 23:30:46.199061,31731.54425235809,31765.227482792652,31676.620408300085,31748.405610924307,1507,2025-04-23 15:30:00+00:00,538.5999755859375,539.510009765625,534.0,536.2999877929688,9860877
2026-03-15 00:30:46.199061,31747.170915482617,31769.820613956395,31735.222238696857,31710.096932461205,4988,2025-04-23 16:30:00+00:00,536.2999877929688,539.5900268554688,535.7899780273438,538.2000122070312,6905212
2026-03-15 01:30:46.199061,31793.795983463395,31793.952678177644,31750.154310969177,31771.202902472454,297,2025-04-23 17:30:00+00:00,538.2100219726562,538.989990234375,536.260009765625,536.5700073242188,7003154
2026-03-15 02:30:46.199061,31775.438060086635,31834.27956933742,31766.00064897926,31782.918760858764,1652,2025-04-23 18:30:00+00:00,536.5700073242188,537.72998046875,534.0999755859375,534.6300048828125,7442804
2026-03-15 03:30:46.199061,31798.696726073078,31835.490837650133,31759.911431073546,31800.70462583967,1482,2025-04-23 19:30:00+00:00,534.7100219726562,537.1699829101562,533.8800048828125,535.3800048828125,12899201
2026-03-15 04:30:46.199061,31736.14690852141,31744.533362000533,31688.10306444705,31738.32439358024,4717,2025-04-24 13:30:00+00:00,536.7150268554688,542.3300170898438,535.4503784179688,542.2341918945312,11823494
2026-03-15 21:30:46.199061,31779.053187189682,31797.695137894134,31753.940011678667,31763.699367014422,482,2025-04-24 14:30:00+00:00,542.22998046875,543.8699951171875,540.989990234375,542.47998046875,8605841
2026-03-15 22:30:46.199061,31828.605880370033,31855.40404022046,31811.727357413016,31828.56547847546,3907,2025-04-24 15:30:00+00:00,542.510009765625,544.969970703125,541.8900146484375,544.4400024414062,5649295
2026-03-15 23:30:46.199061,31903.946177242044,31906.486328519797,31888.201546115037,31919.59084624589,3352,2025-04-24 16:30:00+00:00,544.4400024414062,545.847900390625,544.030029296875,544.97998046875,5198085
2026-03-16 00:30:46.199061,31919.92279682247,31945.287768079375,31904.49246884971,31943.63908274287,4465,2025-04-24 17:30:00+00:00,545.5,546.3300170898438,544.3699951171875,545.510009765625,5310413
2026-03-16 01:30:46.199061,31864.93383437608,31872.162439411146,31843.82955098812,31860.059749474192,1579,2025-04-24 18:30:00+00:00,545.510009765625,546.9000244140625,544.280029296875,544.8699951171875,6956390
2026-03-16 02:30:46.199061,31863.140670341403,31864.92964677287,31816.267792399907,31883.20170145313,2691,2025-04-24 19:30:00+00:00,545.0999755859375,547.4299926757812,544.75,546.530029296875,10593515
2026-03-16 03:30:46.199061,31853.350574442586,31893.41259048247,31835.477403818586,31840.58685592642,3871,2025-04-25 13:30:00+00:00,546.6500244140625,548.1141967773438,543.8900146484375,544.5599975585938,13256636
2026-03-16 04:30:46.199061,31790.629856326286,31801.218827552515,31789.76832428014,31789.607385353607,3513,2025-04-25 14:30:00+00:00,544.5999755859375,547.5,543.6900024414062,546.4600219726562,5815360
2026-03-16 21:30:46.199061,31821.643893559034,31836.436093151187,31756.692250555967,31819.32775197799,4130,2025-04-25 15:30:00+00:00,546.4940185546875,548.544189453125,545.7000122070312,548.3300170898438,4107672
2026-03-16 22:30:46.199061,31915.985801846648,31965.911303430683,31874.39465143381,31914.04287426743,2048,2025-04-25 16:30:00+00:00,548.3499755859375,551.0499877929688,547.97998046875,550.9744262695312,5682786
2026-03-16 23:30:46.199061,31875.51542164664,31877.311614163358,31848.54373732078,31866.680864784284,2975,2025-04-25 17:30:00+00:00,550.9600219726562,550.989990234375,546.760009765625,549.739990234375,8913874
2026-03-17 00:30:46.199061,31808.06447205883,31821.41972006641,31802.306607451297,31836.67283178642,182,2025-04-25 18:30:00+00:00,549.75,550.75,549.3049926757812,549.64501953125,6007432
2026-03-17 01:30:46.199061,31839.730510709727,31853.003543624345,31796.267250320212,31832.978761495036,127,2025-04-25 19:30:00+00:00,549.6300048828125,550.9099731445312,548.760009765625,550.530029296875,8236078
2026-03-17 02:30:46.199061,31874.01073712521,31921.697019505144,31864.230571726483,31893.365367339087,4406,2025-04-28 13:30:00+00:00,551.3900146484375,553.5499877929688,549.6599731445312,550.9400024414062,10374700
2026-03-17 03:30:46.199061,31834.74639916918,31853.39344375567,31796.761827065453,31846.123480365437,1421,2025-04-28 14:30:00+00:00,550.9500122070312,551.8800048828125,547.030029296875,547.2100219726562,5731283
2026-03-17 04:30:46.199061,31865.645788642098,31894.381312260433,31835.10726928238,31906.16836344246,1082,2025-04-28 15:30:00+00:00,547.2000122070312,548.5413208007812,545.7000122070312,546.02001953125,4964181
2026-03-17 21:30:46.199061,31888.08453629503,31905.552037458077,31866.228955488572,31884.39502341492,2218,2025-04-28 16:30:00+00:00,546.030029296875,547.4500122070312,545.1799926757812,545.3699951171875,4294425
2026-03-17 22:30:46.199061,31819.09433721864,31856.543692090367,31813.316460678387,31824.282339753674,3914,2025-04-28 17:30:00+00:00,545.344970703125,548.8300170898438,545.02001953125,548.5900268554688,4038625
2026-03-17 23:30:46.199061,31862.24983797614,31879.246889937822,31828.96147737666,31820.970457546973,3181,2025-04-28 18:30:00+00:00,548.5599975585938,550.8400268554688,547.969970703125,550.5924072265625,4835838
2026-03-18 00:30:46.199061,31837.25224637765,31874.639603103966,31815.929746359398,31806.743244577236,321,2025-04-28 19:30:00+00:00,550.52001953125,552.280029296875,550.010009765625,550.9400024414062,6817382
2026-03-18 01:30:46.199061,31934.943159042305,31961.724941519584,31893.385510030777,31915.836558659343,1857,2025-04-29 13:30:00+00:00,548.9099731445312,552.7999877929688,548.5499877929688,549.9199829101562,10388140
2026-03-18 02:30:46.199061,31960.890075859756,32011.83081414675,31941.45724896774,31947.419740096473,2823,2025-04-29 14:30:00+00:00,549.89501953125,553.2918090820312,549.8200073242188,552.2398071289062,4407630
2026-03-18 03:30:46.199061,31871.78938306485,31888.094846071668,31821.151689668746,31851.704361288757,1541,2025-04-29 15:30:00+00:00,552.239990234375,553.4500122070312,550.8720092773438,552.8900146484375,3642300
2026-03-18 04:30:46.199061,31815.572652873932,31818.012516374063,31810.796136333127,31839.04828157861,4642,2025-04-29 16:30:00+00:00,552.89501953125,553.1898803710938,550.510009765625,552.6300048828125,4250907
2026-03-18 21:30:46.199061,31789.44990517329,31837.614820672126,31767.206542550673,31789.204708494428,3001,2025-04-29 17:30:00+00:00,552.6458740234375,555.440673828125,552.5399780273438,554.9099731445312,6471812
2026-03-18 22:30:46.199061,31705.125989730725,31713.36478455486,31657.087389116823,31701.004432522044,3837,2025-04-29 18:30:00+00:00,554.9000244140625,555.27001953125,554.1199951171875,554.5999755859375,5260271
2026-03-18 23:30:46.199061,31713.782057253404,31735.112774818914,31696.359274934093,31703.578126737586,946,2025-04-29 19:30:00+00:00,554.6300048828125,555.4500122070312,553.8200073242188,554.1400146484375,7761198
2026-03-19 00:30:46.199061,31748.62353548905,31783.347612141933,31732.414356836183,31745.183005488412,1348,2025-04-30 13:30:00+00:00,547.5700073242188,547.5800170898438,541.52001953125,546.3099975585938,17806645
2026-03-19 01:30:46.199061,31747.559631164444,31758.64921728473,31714.627854837738,31743.440496461106,3821,2025-04-30 14:30:00+00:00,546.3099975585938,549.7449951171875,545.3099975585938,549.010009765625,8289839
2026-03-19 02:30:46.199061,31779.493283401705,31800.684348415198,31768.466107394142,31780.991718138797,1447,2025-04-30 15:30:00+00:00,549.0050048828125,550.239990234375,547.780029296875,548.0900268554688,6305108
2026-03-19 03:30:46.199061,31809.032115325477,31835.633257028923,31774.488019379205,31790.18442459363,2485,2025-04-30 16:30:00+00:00,548.0900268554688,550.1500244140625,547.1400146484375,550.030029296875,4347912
2026-03-19 04:30:46.199061,31863.207296345106,31893.155194560775,31805.108040030285,31886.50895944635,3095,2025-04-30 17:30:00+00:00,550.0,553.0999755859375,549.75,550.47998046875,7780712
2026-03-19 21:30:46.199061,31758.55435727837,31764.014199190926,31718.651372163597,31766.230111053046,4357,2025-04-30 18:30:00+00:00,550.6099853515625,551.1099853515625,549.1099853515625,549.7899780273438,7643665
2026-03-19 22:30:46.199061,31784.198617340473,31802.381467746854,31756.943106490788,31791.78406834456,3223,2025-04-30 19:30:00+00:00,549.8200073242188,556.52001953125,549.3800048828125,554.3499755859375,23351483
2026-03-19 23:30:46.199061,31727.008960550527,31753.828440907564,31709.938766008047,31748.563790833214,4400,2025-05-01 13:30:00+00:00,560.3200073242188,562.2100219726562,558.6500244140625,562.0317993164062,14801452
2026-03-20 00:30:46.199061,31624.11256043061,31680.011386881306,31597.068860503412,31632.11806540055,4849,2025-05-01 14:30:00+00:00,562.0499877929688,564.0698852539062,561.1701049804688,563.260009765625,8500612
2026-03-20 01:30:46.199061,31619.584010042872,31626.4209779482,31612.07691092903,31616.122592802072,4182,2025-05-01 15:30:00+00:00,563.260009765625,563.4400024414062,559.0599975585938,560.3099975585938,6560534
2026-03-20 02:30:46.199061,31520.526434037612,31536.200075429595,31489.64255594604,31540.09513772178,4028,2025-05-01 16:30:00+00:00,560.3099975585938,561.9462280273438,559.2000122070312,561.3400268554688,4561612
2026-03-20 03:30:46.199061,31499.244827541803,31544.146284490605,31488.74621901395,31485.41528672321,3733,2025-05-01 17:30:00+00:00,561.3499755859375,562.3499755859375,559.8931884765625,561.8900146484375,3919570
2026-03-20 04:30:46.199061,31459.963171215142,31487.816313516083,31457.38391065721,31457.440508593245,2387,2025-05-01 18:30:00+00:00,561.9000244140625,562.6900024414062,560.85498046875,562.030029296875,5567524
2026-03-20 21:30:46.199061,31414.567200876016,31458.3746235683,31362.645492000513,31441.394117558644,1714,2025-05-01 19:30:00+00:00,562.02001953125,562.489990234375,557.8599853515625,558.4600219726562,9892493
2026-03-20 22:30:46.199061,31374.792616835402,31400.655159851492,31345.35935974272,31384.453738678512,640,2025-05-02 13:30:00+00:00,564.739990234375,566.3200073242188,562.5900268554688,566.2999877929688,14715839
2026-03-20 23:30:46.199061,31401.838475076165,31436.380714587525,31368.148626353566,31404.94628225998,594,2025-05-02 14:30:00+00:00,566.2999877929688,566.3099975585938,564.510009765625,564.6500244140625,5370961
2026-03-21 00:30:46.199061,31402.82448109357,31433.149320903827,31359.750916475834,31400.364146251814,1319,2025-05-02 15:30:00+00:00,564.6699829101562,567.9400024414062,564.4600219726562,567.1799926757812,6821035
2026-03-21 01:30:46.199061,31445.137169131285,31464.004496999558,31425.51322287246,31428.225888507186,3556,2025-05-02 16:30:00+00:00,567.2000122070312,568.07958984375,566.3599853515625,566.780029296875,4182630
2026-03-21 02:30:46.199061,31492.032119746418,31540.373287124225,31434.437101216485,31483.94298002517,1245,2025-05-02 17:30:00+00:00,566.780029296875,567.9588012695312,566.5,567.6500244140625,3377235
2026-03-21 03:30:46.199061,31427.366858008292,31467.69047697808,31395.896509747312,31413.834905292395,3650,2025-05-02 18:30:00+00:00,567.8150024414062,568.3800048828125,566.1500244140625,567.6699829101562,7343588
2026-03-21 04:30:46.199061,31434.63439798447,31440.356080163583,31431.232560560624,31428.161945327716,1131,2025-05-02 19:30:00+00:00,567.6400146484375,567.8300170898438,566.02001953125,566.6199951171875,10188304
2026-03-21 21:30:46.199061,31494.457442723924,31529.1389819756,31447.024085353354,31510.91660184197,1755,2025-05-05 13:30:00+00:00,562.5700073242188,564.2891235351562,561.7000122070312,563.6900024414062,8989771
2026-03-21 22:30:46.199061,31509.18993770453,31533.214465083067,31478.806428640357,31516.21933865707,4019,2025-05-05 14:30:00+00:00,563.6900024414062,565.3099975585938,562.9199829101562,564.8048706054688,5761443
2026-03-21 23:30:46.199061,31522.899266733726,31546.395279856704,31505.31549011281,31551.397196460086,1327,2025-05-05 15:30:00+00:00,564.8090209960938,565.89990234375,563.8400268554688,565.7100219726562,3571280
2026-03-22 00:30:46.199061,31501.459113561657,31501.746172660776,31478.992331064957,31449.356110529272,4758,2025-05-05 16:30:00+00:00,565.7000122070312,565.9598999023438,564.8400268554688,565.1599731445312,2985650
2026-03-22 01:30:46.199061,31442.67387537766,31450.789380351333,31398.569988890435,31449.65860100939,450,2025-05-05 17:30:00+00:00,565.1500244140625,566.3800048828125,565.0800170898438,566.1500244140625,2558293
2026-03-22 02:30:46.199061,31378.900030109853,31404.085079199318,31375.453766800725,31407.774322458314,3423,2025-05-05 18:30:00+00:00,566.1300048828125,566.6500244140625,564.5599975585938,564.77001953125,5293379
2026-03-22 03:30:46.199061,31365.35155890496,31377.57773229239,31359.260639371794,31389.226231082597,2062,2025-05-05 19:30:00+00:00,564.760009765625,565.3699951171875,563.0900268554688,563.530029296875,5955041
2026-03-22 04:30:46.199061,31305.93468171901,31343.195871080912,31293.77800583146,31293.546495064787,2860,2025-05-06 13:30:00+00:00,557.9299926757812,560.9000244140625,556.9749755859375,560.6199951171875,9887290
2026-03-22 21:30:46.199061,31327.575224393197,31348.334693083987,31314.460500048546,31304.123673283048,2873,2025-05-06 14:30:00+00:00,560.5900268554688,561.8200073242188,560.3397827148438,561.6500244140625,4261624
2026-03-22 22:30:46.199061,31380.874243404534,31392.496352427956,31322.938280940914,31365.11960620595,4140,2025-05-06 15:30:00+00:00,561.4151000976562,563.3475952148438,560.1400146484375,560.589599609375,6042282
2026-03-22 23:30:46.199061,31387.035983897345,31440.289897598843,31352.668042681464,31355.7793410132,2832,2025-05-06 16:30:00+00:00,560.5499877929688,561.4600219726562,559.1204223632812,559.719970703125,3714651
2026-03-23 00:30:46.199061,31436.28940321073,31457.427022600637,31385.066021575287,31421.798966523424,2152,2025-05-06 17:30:00+00:00,559.6798706054688,560.510009765625,558.3200073242188,560.489990234375,4315157
2026-03-23 01:30:46.199061,31370.533598276586,31401.954100022504,31363.383474788916,31352.207784787814,1190,2025-05-06 18:30:00+00:00,560.4614868164062,561.119873046875,559.8701171875,560.7849731445312,4940177
2026-03-23 02:30:46.199061,31377.17706757548,31392.64522128483,31370.84949747831,31401.017642813895,4312,2025-05-06 19:30:00+00:00,560.7999877929688,561.4000244140625,558.719970703125,558.7999877929688,8578253
2026-03-23 03:30:46.199061,31466.369214314785,31501.942953531674,31463.898723917737,31469.292551655086,1671,2025-05-07 13:30:00+00:00,559.6799926757812,561.9600219726562,559.5202026367188,561.8200073242188,7390135
2026-03-23 04:30:46.199061,31322.002267609598,31358.144295773578,31312.366873552834,31301.326660702776,3459,2025-05-07 14:30:00+00:00,561.8049926757812,561.97998046875,558.3800048828125,559.1608276367188,5241625
2026-03-23 21:30:46.199061,31308.803072974744,31323.78258160238,31301.317182465624,31304.484033641595,3225,2025-05-07 15:30:00+00:00,559.0999755859375,560.4000244140625,558.5999755859375,559.1799926757812,3991307
2026-03-23 22:30:46.199061,31295.04076845105,31321.812331036148,31286.979163164644,31303.849793477424,3167,2025-05-07 16:30:00+00:00,559.1900024414062,561.8499755859375,559.0700073242188,561.243408203125,2352959
2026-03-23 23:30:46.199061,31218.840365562246,31231.065820507556,31218.782290196825,31219.045703330896,4628,2025-05-07 17:30:00+00:00,561.25,561.412109375,556.0399780273438,557.97998046875,7360993
2026-03-24 00:30:46.199061,31273.118836271336,31316.227858378636,31258.691139205668,31288.77408463761,4062,2025-05-07 18:30:00+00:00,557.9500122070312,562.6400146484375,557.3101196289062,557.8699951171875,8213874
2026-03-24 01:30:46.199061,31347.695713959598,31350.63732217861,31344.71330472319,31353.70539680468,2625,2025-05-07 19:30:00+00:00,557.8599853515625,563.8200073242188,557.52001953125,561.219970703125,12055361
2026-03-24 02:30:46.199061,31311.5873936866,31332.84722699376,31265.590140495202,31308.734643849864,4213,2025-05-08 13:30:00+00:00,565.239990234375,565.6400146484375,562.3005981445312,564.4299926757812,9829233
2026-03-24 03:30:46.199061,31276.30913112874,31332.020809305333,31268.390431141666,31252.5508183848,611,2025-05-08 14:30:00+00:00,564.4652709960938,566.719970703125,561.7000122070312,566.2000122070312,9288012
2026-03-24 04:30:46.199061,31264.09594245724,31352.937853165527,31252.215600612795,31275.51787100194,1705,2025-05-08 15:30:00+00:00,566.22998046875,569.7100219726562,565.4299926757812,568.79931640625,9913524
2026-03-24 21:30:46.199061,31287.170930956472,31297.99557966876,31259.967488646438,31291.420523901652,1223,2025-05-08 16:30:00+00:00,568.7999877929688,570.3099975585938,568.7100219726562,569.2000122070312,4731360
2026-03-24 22:30:46.199061,31240.585850878575,31292.310208471597,31219.571072974904,31256.444771273174,3641,2025-05-08 17:30:00+00:00,569.2000122070312,569.3900146484375,567.4199829101562,568.030029296875,4592518
2026-03-24 23:30:46.199061,31227.973066725535,31238.368310801172,31170.00084939435,31235.30312320657,3264,2025-05-08 18:30:00+00:00,568.030029296875,569.3699951171875,567.6300048828125,569.02001953125,8249840
2026-03-25 00:30:46.199061,31256.34574528766,31260.355517073458,31255.905552248456,31255.18526276344,4691,2025-05-08 19:30:00+00:00,569.030029296875,569.1300048828125,564.5399780273438,564.9099731445312,11037567
2026-03-25 01:30:46.199061,31234.937247393904,31272.573607916762,31234.89310979293,31202.48706956931,317,2025-05-09 13:30:00+00:00,566.47998046875,567.5,563.8300170898438,564.469970703125,7453267
2026-03-25 02:30:46.199061,31211.647440070596,31259.563787441515,31115.05936533465,31199.308071534517,3775,2025-05-09 14:30:00+00:00,564.4699096679688,565.280029296875,562.763671875,564.5499877929688,6007536
2026-03-25 03:30:46.199061,31197.74647251955,31250.19094487787,31197.26842513286,31172.0474890221,1494,2025-05-09 15:30:00+00:00,564.5399780273438,565.6353149414062,563.4401245117188,563.8800048828125,3405028
2026-03-25 04:30:46.199061,31243.834765746185,31254.02166470423,31202.025989654416,31285.723306173993,2310,2025-05-09 16:30:00+00:00,564.1099853515625,564.52001953125,562.8699951171875,563.9600219726562,3575990
2026-03-25 21:30:46.199061,31325.879565117135,31340.655051171445,31276.300177519006,31344.00405225907,2134,2025-05-09 17:30:00+00:00,563.9600219726562,565.35498046875,563.530029296875,564.2999877929688,2776528
2026-03-25 22:30:46.199061,31316.67031196682,31327.453139708177,31277.08031906392,31316.688468754463,3369,2025-05-09 18:30:00+00:00,564.3001098632812,565.8900146484375,564.2449951171875,564.9500122070312,4280933
2026-03-25 23:30:46.199061,31283.01817793002,31302.214405426723,31202.72182468994,31290.581266507885,3699,2025-05-09 19:30:00+00:00,564.9600219726562,565.1699829101562,564.0999755859375,564.280029296875,5969653
2026-03-26 00:30:46.199061,31247.023984616477,31309.3412980162,31235.59189608429,31264.810554477674,380,2025-05-12 13:30:00+00:00,581.469970703125,581.72998046875,577.8900146484375,578.260009765625,20192543
2026-03-26 01:30:46.199061,31228.9662534265,31235.249093806382,31172.309048117226,31204.10772782705,4380,2025-05-12 14:30:00+00:00,578.27001953125,580.1799926757812,577.0399780273438,578.8499755859375,10340279
2026-03-26 02:30:46.199061,31183.451326934122,31209.02470840647,31168.615593109782,31221.69424167017,2282,2025-05-12 15:30:00+00:00,578.8699951171875,579.8300170898438,577.9774780273438,579.2999877929688,6642432
2026-03-26 03:30:46.199061,31140.295672834727,31150.7864387325,31078.592770451734,31113.047261222684,1826,2025-05-12 16:30:00+00:00,579.27001953125,582.4299926757812,579.2349853515625,581.3198852539062,7166886
2026-03-26 04:30:46.199061,31141.6561818358,31212.29724566707,31051.933066200287,31083.22823251056,2862,2025-05-12 17:30:00+00:00,581.2899780273438,582.1798706054688,581.1599731445312,581.9500122070312,4405927
2026-03-26 21:30:46.199061,31123.498442181834,31155.62500975981,31118.658620147147,31106.782425072786,4894,2025-05-12 18:30:00+00:00,581.97998046875,582.510009765625,581.1403198242188,581.52001953125,7454454
2026-03-26 22:30:46.199061,31098.38503529284,31128.654095363316,30994.880353094075,31099.32026889845,4986,2025-05-12 19:30:00+00:00,581.510009765625,583.0,580.7999877929688,582.8300170898438,13240163
2026-03-26 23:30:46.199061,31104.765615238604,31145.89769901336,31099.41559261661,31085.009899566387,2308,2025-05-13 13:30:00+00:00,583.4099731445312,587.9000244140625,582.8400268554688,586.8200073242188,14905940
2026-03-27 00:30:46.199061,31122.116967667804,31178.263937543106,31102.16633727821,31155.69658803471,147,2025-05-13 14:30:00+00:00,586.8400268554688,588.0900268554688,586.1099853515625,587.7000122070312,7815170
2026-03-27 01:30:46.199061,31174.438123252192,31215.615466098963,31160.316657671818,31165.03687227528,4678,2025-05-13 15:30:00+00:00,587.6900024414062,588.4400024414062,586.9600219726562,587.6917114257812,8810868
2026-03-27 02:30:46.199061,31149.753212784042,31190.626786577184,31107.037519108668,31170.987292096823,3799,2025-05-13 16:30:00+00:00,587.6599731445312,588.3900146484375,587.2899780273438,588.3300170898438,5181652
2026-03-27 03:30:46.199061,31186.677283809175,31211.91218949252,31180.159512586946,31232.91412796417,1612,2025-05-13 17:30:00+00:00,588.3350219726562,589.0698852539062,587.4600219726562,587.8900146484375,7405702
2026-03-27 04:30:46.199061,31284.51047192907,31304.892892119886,31270.871431371877,31289.48897136428,1868,2025-05-13 18:30:00+00:00,587.9199829101562,588.9600219726562,587.4899291992188,588.4500122070312,6511291
2026-03-27 21:30:46.199061,31277.627753495155,31333.973096579233,31241.83097989043,31295.19621682222,3801,2025-05-13 19:30:00+00:00,588.4400024414062,589.0800170898438,586.72998046875,586.8300170898438,9972272
2026-03-27 22:30:46.199061,31194.29987958997,31213.014943146263,31112.22950384517,31163.11613642047,3441,2025-05-14 13:30:00+00:00,587.8099975585938,588.97998046875,586.3900146484375,587.52001953125,12225116
2026-03-27 23:30:46.199061,31135.67779886218,31137.147881348043,31098.427619205744,31133.555414084094,2209,2025-05-14 14:30:00+00:00,587.489990234375,588.0650024414062,585.7999877929688,587.8599853515625,7225800
2026-03-28 00:30:46.199061,31209.40625066461,31235.10994510753,31198.287021375163,31223.454631161687,330,2025-05-14 15:30:00+00:00,587.8599243164062,588.5449829101562,587.6900024414062,587.9149780273438,4932545
2026-03-28 01:30:46.199061,31188.633120857474,31211.979610875725,31168.876906245212,31181.07566450244,2120,2025-05-14 16:30:00+00:00,587.9299926757812,588.5651245117188,585.5349731445312,586.3300170898438,6426228
2026-03-28 02:30:46.199061,31185.507830486426,31201.989440706267,31184.793820101255,31221.91099365791,394,2025-05-14 17:30:00+00:00,586.3200073242188,587.6950073242188,586.22998046875,586.8599853515625,5034721
2026-03-28 03:30:46.199061,31218.669260953462,31247.099276810917,31200.285480526192,31175.76114206234,1808,2025-05-14 18:30:00+00:00,586.8699951171875,588.219970703125,586.47021484375,587.0050048828125,7316231
2026-03-28 04:30:46.199061,31275.981767315243,31329.498097621265,31258.37499201561,31294.486505297908,4986,2025-05-14 19:30:00+00:00,587.0,588.1400146484375,586.3900146484375,587.5499877929688,13249757
2026-03-28 21:30:46.199061,31198.7515615753,31223.489958811544,31183.87529897094,31162.285218108755,4517,2025-05-15 13:30:00+00:00,585.5599975585938,587.1300048828125,585.096923828125,585.8900146484375,12838541
2026-03-28 22:30:46.199061,31221.260299719495,31228.014216034473,31183.658212917362,31241.88404891227,1684,2025-05-15 14:30:00+00:00,585.8699951171875,588.9099731445312,585.3099975585938,588.3499755859375,10295385
2026-03-28 23:30:46.199061,31131.554960294787,31164.534414614445,31123.151559340673,31170.511705367917,121,2025-05-15 15:30:00+00:00,588.3699951171875,590.0999755859375,588.0648803710938,589.1699829101562,8985981
2026-03-29 00:30:46.199061,31158.7929514691,31182.289191379226,31147.365909095974,31117.725774383205,4272,2025-05-15 16:30:00+00:00,589.1599731445312,590.969970703125,588.8300170898438,590.6849975585938,6042278
2026-03-29 01:30:46.199061,31171.488115282904,31180.159806429176,31134.14766065987,31172.06303983386,1656,2025-05-15 17:30:00+00:00,590.6799926757812,590.6900024414062,588.6900024414062,589.5098876953125,6607011
2026-03-29 02:30:46.199061,31186.665139718196,31197.987141493646,31182.206078540094,31176.52396750026,2389,2025-05-15 18:30:00+00:00,589.5,590.3300170898438,588.3049926757812,588.77001953125,7729197
2026-03-29 03:30:46.199061,31134.8763036885,31165.840643332886,31094.14885925003,31095.286258355376,861,2025-05-15 19:30:00+00:00,588.75,590.4400024414062,588.739990234375,590.4000244140625,11694962
2026-03-29 04:30:46.199061,31223.680481387677,31234.61660113147,31202.547571381685,31234.532621238865,2803,2025-05-16 13:30:00+00:00,591.25,591.6300048828125,590.010009765625,590.8900146484375,12294904
2026-03-29 21:30:46.199061,31217.310712352424,31243.103535254893,31187.811504083613,31238.20247951828,253,2025-05-16 14:30:00+00:00,590.8900146484375,591.0800170898438,589.280029296875,590.9000244140625,11485692
2026-03-29 22:30:46.199061,31301.810205197686,31350.784598657374,31288.14545765915,31285.155708148915,2248,2025-05-16 15:30:00+00:00,590.8900146484375,592.280029296875,590.8800048828125,592.0599975585938,6578894
2026-03-29 23:30:46.199061,31253.18539873149,31260.77148065776,31222.093160562374,31246.681581856323,103,2025-05-16 16:30:00+00:00,592.0700073242188,593.2899780273438,591.7799072265625,593.0900268554688,6501256
2026-03-30 00:30:46.199061,31278.051399937605,31294.84296527118,31239.273361206775,31236.745225365772,1502,2025-05-16 17:30:00+00:00,593.0999755859375,593.47998046875,592.5800170898438,593.260009765625,6071507
2026-03-30 01:30:46.199061,31312.765086042615,31314.47971009325,31300.76759893055,31312.260729876838,2651,2025-05-16 18:30:00+00:00,593.260009765625,594.3493041992188,593.0507202148438,593.85498046875,7621600
2026-03-30 02:30:46.199061,31337.956477430424,31359.5310705504,31308.611063153072,31309.160913763346,4189,2025-05-16 19:30:00+00:00,593.8499755859375,594.5,593.1900024414062,594.2999877929688,10461275
2026-03-30 03:30:46.199061,31358.37961525136,31387.571325423203,31320.64981440141,31342.850926173665,2713,2025-05-19 13:30:00+00:00,589.0,593.2999877929688,588.469970703125,592.25,17358545
2026-03-30 04:30:46.199061,31352.216941018472,31396.84990955746,31302.705430317004,31304.122109430868,3905,2025-05-19 14:30:00+00:00,591.8300170898438,592.9099731445312,591.6099853515625,592.3565063476562,6361965
