Price,Close,High,Low,Open,Volume
Ticker,2330.TW,2330.TW,2330.TW,2330.TW,2330.TW
Datetime,,,,,
2025-03-31 09:00:00+08:00,923.0,924.0,917.0,920.0,0
2025-03-31 10:00:00+08:00,920.0,924.0,919.0,923.0,8768119
2025-03-31 11:00:00+08:00,919.0,921.0,917.0,920.0,7261944
2025-03-31 12:00:00+08:00,918.0,919.0,917.0,918.0,4971496
2025-03-31 13:00:00+08:00,918.0,919.0,917.0,918.0,4927220
2025-04-01 09:00:00+08:00,932.0,936.0,925.0,929.0,0
2025-04-01 10:00:00+08:00,934.0,936.0,932.0,932.0,4320983
2025-04-01 11:00:00+08:00,937.0,938.0,934.0,935.0,3738832
2025-04-01 12:00:00+08:00,938.0,940.0,935.0,938.0,3779797
2025-04-01 13:00:00+08:00,942.0,946.0,938.0,938.0,4361224
2025-04-02 09:00:00+08:00,949.0,952.0,947.0,949.0,0
2025-04-02 10:00:00+08:00,945.0,950.0,943.0,950.0,3560493
2025-04-02 11:00:00+08:00,942.0,946.0,939.0,945.0,3450887
2025-04-02 12:00:00+08:00,940.0,943.0,938.0,942.0,3002066
2025-04-02 13:00:00+08:00,942.0,943.0,939.0,940.0,2467250
2025-04-07 09:00:00+08:00,848.0,848.0,848.0,848.0,0
2025-04-07 10:00:00+08:00,848.0,848.0,848.0,848.0,1640109
2025-04-07 11:00:00+08:00,848.0,848.0,848.0,848.0,867493
2025-04-07 12:00:00+08:00,848.0,848.0,848.0,848.0,750248
2025-04-07 13:00:00+08:00,848.0,848.0,848.0,848.0,655870
2025-04-08 09:00:00+08:00,820.0,843.0,797.0,797.0,38854954
2025-04-08 10:00:00+08:00,812.0,828.0,808.0,821.0,21262299
2025-04-08 11:00:00+08:00,809.0,813.0,805.0,812.0,11951480
2025-04-08 12:00:00+08:00,820.0,820.0,808.0,809.0,10355852
2025-04-08 13:00:00+08:00,817.0,826.0,816.0,820.0,8264332
2025-04-09 09:00:00+08:00,815.0,826.0,807.0,809.0,0
2025-04-09 10:00:00+08:00,803.0,816.0,802.0,814.0,16448809
2025-04-09 11:00:00+08:00,795.0,805.0,795.0,803.0,22661421
2025-04-09 12:00:00+08:00,793.0,799.0,780.0,795.0,21921702
2025-04-09 13:00:00+08:00,792.0,793.0,784.0,786.0,12205870
2025-04-10 09:00:00+08:00,863.0,863.0,863.0,863.0,0
2025-04-10 10:00:00+08:00,863.0,863.0,863.0,863.0,2166206
2025-04-10 11:00:00+08:00,863.0,863.0,863.0,863.0,621797
2025-04-10 12:00:00+08:00,863.0,863.0,863.0,863.0,766963
2025-04-10 13:00:00+08:00,863.0,863.0,863.0,863.0,205604
2025-04-11 09:00:00+08:00,865.0,866.0,836.0,848.0,17699520
2025-04-11 10:00:00+08:00,864.0,885.0,861.0,865.0,15643520
2025-04-11 11:00:00+08:00,878.0,879.0,864.0,864.0,6165363
2025-04-11 12:00:00+08:00,879.0,880.0,872.0,878.0,6969668
2025-04-11 13:00:00+08:00,884.0,885.0,878.0,879.0,5207406
2025-04-14 09:00:00+08:00,885.0,903.0,880.0,895.0,0
2025-04-14 10:00:00+08:00,887.0,891.0,882.0,885.0,8996497
2025-04-14 11:00:00+08:00,883.0,889.0,882.0,887.0,5184646
2025-04-14 12:00:00+08:00,870.0,883.0,870.0,883.0,10956934
2025-04-14 13:00:00+08:00,868.0,872.0,867.0,871.0,5782365
2025-04-15 09:00:00+08:00,871.0,878.0,865.0,874.0,0
2025-04-15 10:00:00+08:00,875.0,876.0,871.0,872.0,3549616
2025-04-15 11:00:00+08:00,878.0,879.0,874.0,876.0,3972393
2025-04-15 12:00:00+08:00,876.0,879.0,875.0,878.0,3381418
2025-04-15 13:00:00+08:00,878.0,879.0,876.0,877.0,2800210
2025-04-16 09:00:00+08:00,865.0,869.0,862.0,867.0,11435360
2025-04-16 10:00:00+08:00,853.0,865.0,852.0,865.0,8722270
2025-04-16 11:00:00+08:00,854.0,858.0,853.0,854.0,4347393
2025-04-16 12:00:00+08:00,856.0,857.0,853.0,854.0,7760195
2025-04-16 13:00:00+08:00,856.0,860.0,855.0,856.0,7575444
2025-04-17 09:00:00+08:00,845.0,855.0,842.0,849.0,0
2025-04-17 10:00:00+08:00,850.0,852.0,844.0,845.0,4072507
2025-04-17 11:00:00+08:00,851.0,856.0,850.0,851.0,4975436
2025-04-17 12:00:00+08:00,849.0,852.0,848.0,852.0,3112418
2025-04-17 13:00:00+08:00,851.0,852.0,849.0,849.0,3614312
2025-04-18 09:00:00+08:00,853.0,858.0,851.0,853.0,0
2025-04-18 10:00:00+08:00,855.0,856.0,852.0,853.0,2121439
2025-04-18 11:00:00+08:00,851.0,856.0,851.0,856.0,2388147
2025-04-18 12:00:00+08:00,851.0,852.0,850.0,852.0,2644944
2025-04-18 13:00:00+08:00,851.0,852.0,850.0,851.0,2326855
2025-04-21 09:00:00+08:00,837.0,847.0,832.0,844.0,0
2025-04-21 10:00:00+08:00,835.0,840.0,833.0,838.0,2718190
2025-04-21 11:00:00+08:00,835.0,836.0,833.0,835.0,1834577
2025-04-21 12:00:00+08:00,835.0,837.0,834.0,834.0,2379306
2025-04-21 13:00:00+08:00,834.0,836.0,833.0,834.0,2274240
2025-04-22 09:00:00+08:00,826.0,829.0,820.0,826.0,0
2025-04-22 10:00:00+08:00,822.0,828.0,822.0,826.0,3420338
2025-04-22 11:00:00+08:00,821.0,823.0,818.0,822.0,5696667
2025-04-22 12:00:00+08:00,821.0,822.0,820.0,821.0,2787564
2025-04-22 13:00:00+08:00,822.0,823.0,819.0,821.0,4277578
2025-04-23 09:00:00+08:00,853.0,857.0,848.0,853.0,0
2025-04-23 10:00:00+08:00,859.0,862.0,853.0,853.0,6668182
2025-04-23 11:00:00+08:00,863.0,863.0,859.0,860.0,3526583
2025-04-23 12:00:00+08:00,868.0,870.0,862.0,862.0,4847737
2025-04-23 13:00:00+08:00,866.0,870.0,865.0,868.0,2680148
2025-04-24 09:00:00+08:00,871.0,886.0,869.0,886.0,16893504
2025-04-24 10:00:00+08:00,866.0,873.0,866.0,871.0,3932833
2025-04-24 11:00:00+08:00,868.0,869.0,866.0,866.0,2327430
2025-04-24 12:00:00+08:00,861.0,870.0,859.0,868.0,4223198
2025-04-24 13:00:00+08:00,863.0,865.0,861.0,862.0,1466711
2025-04-25 09:00:00+08:00,893.0,901.0,891.0,900.0,0
2025-04-25 10:00:00+08:00,887.0,894.0,886.0,892.0,4416377
2025-04-25 11:00:00+08:00,889.0,891.0,887.0,887.0,3013156
2025-04-25 12:00:00+08:00,890.0,893.0,888.0,889.0,4060439
2025-04-25 13:00:00+08:00,888.0,890.0,887.0,889.0,1736059
2025-04-28 09:00:00+08:00,897.0,898.0,895.0,898.0,0
2025-04-28 10:00:00+08:00,894.0,897.0,893.0,897.0,2830558
2025-04-28 11:00:00+08:00,894.0,895.0,893.0,894.0,1351918
2025-04-28 12:00:00+08:00,895.0,896.0,894.0,894.0,2324385
2025-04-28 13:00:00+08:00,896.0,896.0,894.0,896.0,1839353
2025-04-29 09:00:00+08:00,894.0,897.0,893.0,897.0,0
2025-04-29 10:00:00+08:00,896.0,902.0,894.0,894.0,7833526
2025-04-29 11:00:00+08:00,897.0,900.0,895.0,897.0,2381237
2025-04-29 12:00:00+08:00,900.0,900.0,896.0,897.0,3032143
2025-04-29 13:00:00+08:00,900.0,901.0,899.0,899.0,3170568
2025-04-30 09:00:00+08:00,901.0,902.0,899.0,901.0,0
2025-04-30 10:00:00+08:00,903.0,908.0,900.0,900.0,6460236
2025-04-30 11:00:00+08:00,904.0,905.0,901.0,904.0,3100065
2025-04-30 12:00:00+08:00,905.0,905.0,902.0,905.0,3279566
2025-04-30 13:00:00+08:00,905.0,906.0,904.0,905.0,3165472
2025-05-02 09:00:00+08:00,934.0,940.0,932.0,938.0,0
2025-05-02 10:00:00+08:00,937.0,938.0,933.0,934.0,4530956
2025-05-02 11:00:00+08:00,939.0,940.0,936.0,937.0,4501052
2025-05-02 12:00:00+08:00,942.0,942.0,939.0,939.0,6334230
2025-05-02 13:00:00+08:00,945.0,945.0,941.0,941.0,4920011
2025-05-05 09:00:00+08:00,930.0,957.0,926.0,956.0,0
2025-05-05 10:00:00+08:00,929.0,932.0,923.0,930.0,10438701
2025-05-05 11:00:00+08:00,942.0,942.0,929.0,929.0,7500610
2025-05-05 12:00:00+08:00,938.0,945.0,938.0,941.0,5781353
2025-05-05 13:00:00+08:00,937.0,940.0,936.0,939.0,2689820
2025-05-06 09:00:00+08:00,925.0,927.0,916.0,916.0,0
2025-05-06 10:00:00+08:00,927.0,930.0,923.0,924.0,4912566
2025-05-06 11:00:00+08:00,928.0,930.0,925.0,928.0,3310541
2025-05-06 12:00:00+08:00,926.0,929.0,925.0,929.0,3707342
2025-05-06 13:00:00+08:00,924.0,927.0,922.0,927.0,3973937
2025-05-07 09:00:00+08:00,919.0,932.0,911.0,925.0,0
2025-05-07 10:00:00+08:00,917.0,921.0,916.0,918.0,3873182
2025-05-07 11:00:00+08:00,922.0,922.0,918.0,918.0,3302046
2025-05-07 12:00:00+08:00,921.0,925.0,921.0,921.0,3421277
2025-05-07 13:00:00+08:00,920.0,924.0,920.0,922.0,3315106
2025-05-08 09:00:00+08:00,928.0,936.0,928.0,933.0,0
2025-05-08 10:00:00+08:00,934.0,934.0,928.0,929.0,2552100
2025-05-08 11:00:00+08:00,936.0,939.0,933.0,934.0,4782437
2025-05-08 12:00:00+08:00,937.0,937.0,934.0,937.0,3182972
2025-05-08 13:00:00+08:00,933.0,938.0,932.0,937.0,2400898
2025-05-09 09:00:00+08:00,938.0,942.0,934.0,938.0,0
2025-05-09 10:00:00+08:00,941.0,942.0,937.0,939.0,5691996
2025-05-09 11:00:00+08:00,947.0,949.0,941.0,941.0,7600992
2025-05-09 12:00:00+08:00,946.0,949.0,942.0,948.0,5258610
2025-05-09 13:00:00+08:00,949.0,949.0,945.0,946.0,4100203
2025-05-12 09:00:00+08:00,957.0,962.0,952.0,954.0,0
2025-05-12 10:00:00+08:00,958.0,959.0,956.0,957.0,2914167
2025-05-12 11:00:00+08:00,956.0,958.0,954.0,957.0,2174649
2025-05-12 12:00:00+08:00,955.0,957.0,955.0,957.0,2029434
2025-05-12 13:00:00+08:00,956.0,957.0,955.0,956.0,2193885
2025-05-13 09:00:00+08:00,981.0,990.0,981.0,990.0,18612655
2025-05-13 10:00:00+08:00,974.0,983.0,972.0,981.0,6347967
2025-05-13 11:00:00+08:00,974.0,978.0,973.0,974.0,3895839
2025-05-13 12:00:00+08:00,973.0,976.0,973.0,974.0,2743475
2025-05-13 13:00:00+08:00,973.0,975.0,972.0,973.0,2797743
2025-05-14 09:00:00+08:00,991.0,992.0,988.0,990.0,17929999
2025-05-14 10:00:00+08:00,990.0,991.0,988.0,990.0,5364289
2025-05-14 11:00:00+08:00,992.0,992.0,989.0,990.0,3256511
2025-05-14 12:00:00+08:00,994.0,995.0,991.0,991.0,6294865
2025-05-14 13:00:00+08:00,997.0,997.0,993.0,993.0,4914471
2025-05-15 09:00:00+08:00,997.0,1000.0,993.0,1000.0,0
2025-05-15 10:00:00+08:00,998.0,999.0,995.0,997.0,2238359
2025-05-15 11:00:00+08:00,998.0,999.0,997.0,999.0,2347347
2025-05-15 12:00:00+08:00,996.0,998.0,996.0,998.0,2021231
2025-05-15 13:00:00+08:00,995.0,997.0,994.0,996.0,2905469
2025-05-16 09:00:00+08:00,995.0,996.0,989.0,991.0,0
2025-05-16 10:00:00+08:00,993.0,996.0,992.0,995.0,2029445
2025-05-16 11:00:00+08:00,992.0,993.0,991.0,992.0,1843979
2025-05-16 12:00:00+08:00,993.0,994.0,991.0,992.0,2330231
2025-05-16 13:00:00+08:00,995.0,995.0,992.0,993.0,1766410
2025-05-19 09:00:00+08:00,989.0,994.0,989.0,993.0,0
2025-05-19 10:00:00+08:00,991.0,991.0,988.0,989.0,2759069
2025-05-19 11:00:00+08:00,985.0,991.0,985.0,991.0,3098750
2025-05-19 12:00:00+08:00,981.0,987.0,981.0,986.0,3604970
2025-05-19 13:00:00+08:00,983.0,983.0,980.0,982.0,2663266
2025-05-20 09:00:00+08:00,991.0,994.0,988.0,991.0,0
2025-05-20 10:00:00+08:00,985.0,991.0,984.0,991.0,2515107
2025-05-20 11:00:00+08:00,981.0,986.0,978.0,986.0,4167147
2025-05-20 12:00:00+08:00,979.0,982.0,979.0,982.0,2004018
2025-05-20 13:00:00+08:00,980.0,982.0,979.0,980.0,1492230
2025-05-21 09:00:00+08:00,985.0,992.0,984.0,986.0,0
2025-05-21 10:00:00+08:00,989.0,990.0,983.0,985.0,2949382
2025-05-21 11:00:00+08:00,990.0,992.0,988.0,988.0,3012382
2025-05-21 12:00:00+08:00,994.0,994.0,988.0,991.0,4580564
2025-05-21 13:00:00+08:00,998.0,999.0,993.0,993.0,5912524
2025-05-22 09:00:00+08:00,979.0,988.0,979.0,988.0,0
2025-05-22 10:00:00+08:00,980.0,982.0,979.0,979.0,2724994
2025-05-22 11:00:00+08:00,980.0,981.0,979.0,980.0,1880084
2025-05-22 12:00:00+08:00,980.0,984.0,979.0,980.0,2190906
2025-05-22 13:00:00+08:00,982.0,982.0,980.0,980.0,866362
2025-05-23 09:00:00+08:00,981.0,993.0,980.0,993.0,0
2025-05-23 10:00:00+08:00,981.0,983.0,980.0,981.0,2617361
2025-05-23 11:00:00+08:00,979.0,981.0,979.0,981.0,2526084
2025-05-23 12:00:00+08:00,977.0,980.0,975.0,979.0,3907061
2025-05-23 13:00:00+08:00,980.0,980.0,976.0,977.0,1181677
2025-05-26 09:00:00+08:00,981.0,983.0,975.0,975.0,0
2025-05-26 10:00:00+08:00,980.0,984.0,979.0,981.0,3574109
2025-05-26 11:00:00+08:00,978.0,981.0,978.0,980.0,1846839
2025-05-26 12:00:00+08:00,977.0,980.0,976.0,978.0,3417143
2025-05-26 13:00:00+08:00,977.0,978.0,977.0,977.0,1350324
2025-05-27 09:00:00+08:00,966.0,975.0,966.0,971.0,0
2025-05-27 10:00:00+08:00,965.0,968.0,964.0,966.0,4797388
2025-05-27 11:00:00+08:00,963.0,966.0,962.0,964.0,4016958
2025-05-27 12:00:00+08:00,964.0,964.0,961.0,962.0,3253311
2025-05-27 13:00:00+08:00,964.0,966.0,963.0,963.0,1756677
2025-05-28 09:00:00+08:00,974.0,985.0,974.0,984.0,0
2025-05-28 10:00:00+08:00,970.0,977.0,969.0,974.0,4234902
2025-05-28 11:00:00+08:00,970.0,974.0,968.0,970.0,2909658
2025-05-28 12:00:00+08:00,969.0,972.0,967.0,969.0,3445390
2025-05-28 13:00:00+08:00,975.0,975.0,968.0,970.0,1973433
2025-05-29 09:00:00+08:00,977.0,986.0,967.0,986.0,0
2025-05-29 10:00:00+08:00,975.0,977.0,973.0,976.0,2641636
2025-05-29 11:00:00+08:00,974.0,976.0,973.0,975.0,3022542
2025-05-29 12:00:00+08:00,974.0,974.0,971.0,974.0,3926325
2025-05-29 13:00:00+08:00,970.0,975.0,969.0,974.0,5961271
2025-06-02 09:00:00+08:00,952.0,961.0,951.0,958.0,0
2025-06-02 10:00:00+08:00,950.0,954.0,950.0,952.0,4146468
2025-06-02 11:00:00+08:00,949.0,951.0,946.0,950.0,7019311
2025-06-02 12:00:00+08:00,949.0,949.0,948.0,949.0,3052998
2025-06-02 13:00:00+08:00,949.0,952.0,948.0,949.0,3171704
2025-06-03 09:00:00+08:00,963.0,965.0,958.0,960.0,0
2025-06-03 10:00:00+08:00,958.0,963.0,954.0,963.0,4130535
2025-06-03 11:00:00+08:00,957.0,959.0,956.0,957.0,1859111
2025-06-03 12:00:00+08:00,955.0,957.0,953.0,956.0,2631140
2025-06-03 13:00:00+08:00,954.0,956.0,953.0,955.0,1956308
2025-06-04 09:00:00+08:00,981.0,982.0,970.0,974.0,16293114
2025-06-04 10:00:00+08:00,982.0,985.0,980.0,981.0,5613447
2025-06-04 11:00:00+08:00,983.0,984.0,982.0,983.0,2120857
2025-06-04 12:00:00+08:00,984.0,985.0,983.0,984.0,3423631
2025-06-04 13:00:00+08:00,986.0,987.0,984.0,985.0,4165565
2025-06-05 09:00:00+08:00,994.0,1000.0,992.0,1000.0,10789173
2025-06-05 10:00:00+08:00,991.0,995.0,991.0,995.0,2714781
2025-06-05 11:00:00+08:00,995.0,996.0,991.0,991.0,3492996
2025-06-05 12:00:00+08:00,994.0,995.0,993.0,994.0,2517341
2025-06-05 13:00:00+08:00,993.0,994.0,993.0,994.0,1643885
2025-06-06 09:00:00+08:00,994.0,997.0,992.0,997.0,5807346
2025-06-06 10:00:00+08:00,994.0,995.0,991.0,993.0,1916071
2025-06-06 11:00:00+08:00,992.0,994.0,992.0,994.0,1244901
2025-06-06 12:00:00+08:00,993.0,994.0,991.0,992.0,1791854
2025-06-06 13:00:00+08:00,993.0,994.0,993.0,994.0,1033032
2025-06-09 09:00:00+08:00,1005.0,1010.0,1000.0,1005.0,0
2025-06-09 10:00:00+08:00,1010.0,1010.0,1000.0,1005.0,3282820
2025-06-09 11:00:00+08:00,1010.0,1010.0,1005.0,1010.0,1956962
2025-06-09 12:00:00+08:00,1010.0,1010.0,1005.0,1010.0,2102522
2025-06-09 13:00:00+08:00,1005.0,1010.0,1005.0,1010.0,2637656
2025-06-10 09:00:00+08:00,1035.0,1040.0,1020.0,1025.0,19593463
2025-06-10 10:00:00+08:00,1040.0,1040.0,1030.0,1035.0,8993699
2025-06-10 11:00:00+08:00,1045.0,1045.0,1035.0,1040.0,5696556
2025-06-10 12:00:00+08:00,1050.0,1050.0,1040.0,1040.0,6761524
2025-06-10 13:00:00+08:00,1045.0,1050.0,1045.0,1050.0,3851459
2025-06-11 09:00:00+08:00,1060.0,1070.0,1055.0,1065.0,17038443
2025-06-11 10:00:00+08:00,1060.0,1065.0,1055.0,1060.0,4145895
2025-06-11 11:00:00+08:00,1060.0,1065.0,1055.0,1060.0,5183098
2025-06-11 12:00:00+08:00,1060.0,1065.0,1060.0,1065.0,3597720
2025-06-11 13:00:00+08:00,1065.0,1065.0,1055.0,1065.0,4473534
2025-06-12 09:00:00+08:00,1050.0,1060.0,1045.0,1055.0,11478337
2025-06-12 10:00:00+08:00,1045.0,1055.0,1045.0,1050.0,3303641
2025-06-12 11:00:00+08:00,1050.0,1050.0,1045.0,1050.0,1840110
2025-06-12 12:00:00+08:00,1050.0,1050.0,1045.0,1050.0,2658830
2025-06-12 13:00:00+08:00,1050.0,1050.0,1045.0,1050.0,2436351
2025-06-13 09:00:00+08:00,1035.0,1040.0,1025.0,1040.0,12431231
2025-06-13 10:00:00+08:00,1035.0,1040.0,1030.0,1035.0,5370078
2025-06-13 11:00:00+08:00,1035.0,1040.0,1030.0,1035.0,1932611
2025-06-13 12:00:00+08:00,1030.0,1035.0,1030.0,1030.0,1883283
2025-06-13 13:00:00+08:00,1025.0,1035.0,1025.0,1035.0,3211240
2025-06-16 09:00:00+08:00,1020.0,1030.0,1020.0,1030.0,0
2025-06-16 10:00:00+08:00,1015.0,1025.0,1015.0,1025.0,4704478
2025-06-16 11:00:00+08:00,1025.0,1025.0,1015.0,1020.0,5235264
2025-06-16 12:00:00+08:00,1020.0,1025.0,1020.0,1025.0,2005442
2025-06-16 13:00:00+08:00,1025.0,1030.0,1020.0,1025.0,3078764
2025-06-17 09:00:00+08:00,1050.0,1050.0,1040.0,1040.0,8681831
2025-06-17 10:00:00+08:00,1040.0,1050.0,1035.0,1045.0,6564909
2025-06-17 11:00:00+08:00,1035.0,1045.0,1035.0,1045.0,2629519
2025-06-17 12:00:00+08:00,1035.0,1040.0,1035.0,1040.0,2189317
2025-06-17 13:00:00+08:00,1040.0,1040.0,1035.0,1035.0,2548476
2025-06-18 09:00:00+08:00,1045.0,1050.0,1030.0,1040.0,12975129
2025-06-18 10:00:00+08:00,1050.0,1055.0,1040.0,1040.0,8816786
2025-06-18 11:00:00+08:00,1055.0,1055.0,1050.0,1050.0,3849744
2025-06-18 12:00:00+08:00,1050.0,1055.0,1045.0,1055.0,5013197
2025-06-18 13:00:00+08:00,1055.0,1055.0,1045.0,1050.0,6349737
2025-06-19 09:00:00+08:00,1035.0,1045.0,1035.0,1045.0,7824344
2025-06-19 10:00:00+08:00,1035.0,1040.0,1030.0,1035.0,6749650
2025-06-19 11:00:00+08:00,1040.0,1040.0,1035.0,1035.0,1621085
2025-06-19 12:00:00+08:00,1035.0,1040.0,1035.0,1035.0,2776840
2025-06-19 13:00:00+08:00,1035.0,1040.0,1030.0,1035.0,3329359
2025-06-20 09:00:00+08:00,1035.0,1040.0,1030.0,1030.0,7315942
2025-06-20 10:00:00+08:00,1030.0,1035.0,1025.0,1030.0,4742243
2025-06-20 11:00:00+08:00,1035.0,1040.0,1030.0,1030.0,3676082
2025-06-20 12:00:00+08:00,1035.0,1040.0,1030.0,1035.0,2492263
2025-06-20 13:00:00+08:00,1035.0,1040.0,1035.0,1035.0,1793302
2025-06-23 09:00:00+08:00,1025.0,1030.0,1015.0,1025.0,0
2025-06-23 10:00:00+08:00,1020.0,1025.0,1020.0,1020.0,2400806
2025-06-23 11:00:00+08:00,1020.0,1025.0,1020.0,1025.0,3387601
2025-06-23 12:00:00+08:00,1020.0,1025.0,1020.0,1020.0,2724693
2025-06-23 13:00:00+08:00,1030.0,1030.0,1020.0,1025.0,5118073
2025-06-24 09:00:00+08:00,1045.0,1050.0,1040.0,1045.0,13947533
2025-06-24 10:00:00+08:00,1040.0,1050.0,1040.0,1045.0,2471455
2025-06-24 11:00:00+08:00,1050.0,1050.0,1040.0,1040.0,3549632
2025-06-24 12:00:00+08:00,1045.0,1050.0,1045.0,1050.0,1375990
2025-06-24 13:00:00+08:00,1050.0,1050.0,1045.0,1045.0,2195656
2025-06-25 09:00:00+08:00,1060.0,1065.0,1055.0,1060.0,9894135
2025-06-25 10:00:00+08:00,1065.0,1065.0,1055.0,1060.0,4957813
2025-06-25 11:00:00+08:00,1070.0,1070.0,1060.0,1060.0,13456247
2025-06-25 12:00:00+08:00,1065.0,1070.0,1060.0,1070.0,3459745
2025-06-25 13:00:00+08:00,1070.0,1070.0,1060.0,1065.0,3567895
2025-06-26 09:00:00+08:00,1075.0,1075.0,1070.0,1075.0,6350490
2025-06-26 10:00:00+08:00,1075.0,1080.0,1070.0,1070.0,11687072
2025-06-26 11:00:00+08:00,1075.0,1075.0,1070.0,1070.0,3819228
2025-06-26 12:00:00+08:00,1070.0,1075.0,1070.0,1070.0,4169494
2025-06-26 13:00:00+08:00,1070.0,1075.0,1065.0,1070.0,3942359
2025-06-27 09:00:00+08:00,1070.0,1075.0,1060.0,1070.0,10822802
2025-06-27 10:00:00+08:00,1070.0,1070.0,1065.0,1065.0,4502780
2025-06-27 11:00:00+08:00,1065.0,1070.0,1065.0,1065.0,2436684
2025-06-27 12:00:00+08:00,1075.0,1075.0,1065.0,1070.0,5750356
2025-06-27 13:00:00+08:00,1070.0,1075.0,1070.0,1070.0,3829040
2025-06-30 09:00:00+08:00,1080.0,1080.0,1070.0,1075.0,0
2025-06-30 10:00:00+08:00,1070.0,1080.0,1070.0,1080.0,4526025
2025-06-30 11:00:00+08:00,1075.0,1075.0,1070.0,1070.0,3249578
2025-06-30 12:00:00+08:00,1080.0,1080.0,1070.0,1075.0,4490344
2025-06-30 13:00:00+08:00,1075.0,1080.0,1075.0,1075.0,2862946
2025-07-01 09:00:00+08:00,1090.0,1095.0,1075.0,1080.0,25426941
2025-07-01 10:00:00+08:00,1090.0,1095.0,1085.0,1095.0,5541721
2025-07-01 11:00:00+08:00,1085.0,1090.0,1085.0,1085.0,3363384
2025-07-01 12:00:00+08:00,1075.0,1090.0,1075.0,1085.0,6272419
2025-07-01 13:00:00+08:00,1085.0,1085.0,1075.0,1075.0,2218537
2025-07-02 09:00:00+08:00,1070.0,1080.0,1070.0,1075.0,6872509
2025-07-02 10:00:00+08:00,1075.0,1080.0,1070.0,1070.0,4494176
2025-07-02 11:00:00+08:00,1075.0,1080.0,1075.0,1080.0,2804712
2025-07-02 12:00:00+08:00,1075.0,1080.0,1075.0,1080.0,1892245
2025-07-02 13:00:00+08:00,1075.0,1080.0,1075.0,1075.0,2616744
2025-07-03 09:00:00+08:00,1100.0,1105.0,1095.0,1105.0,17113436
2025-07-03 10:00:00+08:00,1100.0,1100.0,1095.0,1095.0,3672941
2025-07-03 11:00:00+08:00,1090.0,1100.0,1090.0,1095.0,5823877
2025-07-03 12:00:00+08:00,1095.0,1100.0,1090.0,1095.0,3982417
2025-07-03 13:00:00+08:00,1095.0,1100.0,1090.0,1100.0,4046230
2025-07-04 09:00:00+08:00,1095.0,1100.0,1090.0,1095.0,7344279
2025-07-04 10:00:00+08:00,1085.0,1095.0,1085.0,1090.0,5514141
2025-07-04 11:00:00+08:00,1080.0,1090.0,1080.0,1085.0,2963544
2025-07-04 12:00:00+08:00,1085.0,1085.0,1080.0,1080.0,1551703
2025-07-04 13:00:00+08:00,1080.0,1085.0,1080.0,1080.0,1290602
2025-07-07 09:00:00+08:00,1075.0,1085.0,1070.0,1080.0,0
2025-07-07 10:00:00+08:00,1075.0,1075.0,1070.0,1070.0,1758683
2025-07-07 11:00:00+08:00,1075.0,1075.0,1070.0,1075.0,1147783
2025-07-07 12:00:00+08:00,1070.0,1075.0,1070.0,1075.0,1634259
2025-07-07 13:00:00+08:00,1075.0,1080.0,1070.0,1070.0,2595210
2025-07-08 09:00:00+08:00,1065.0,1075.0,1065.0,1070.0,9373008
2025-07-08 10:00:00+08:00,1070.0,1075.0,1065.0,1065.0,5522040
2025-07-08 11:00:00+08:00,1070.0,1075.0,1070.0,1070.0,1154748
2025-07-08 12:00:00+08:00,1065.0,1075.0,1065.0,1070.0,3437895
2025-07-08 13:00:00+08:00,1065.0,1070.0,1065.0,1070.0,2132165
2025-07-09 09:00:00+08:00,1080.0,1080.0,1065.0,1070.0,6965704
2025-07-09 10:00:00+08:00,1075.0,1080.0,1075.0,1080.0,1454738
2025-07-09 11:00:00+08:00,1075.0,1080.0,1075.0,1080.0,1348258
2025-07-09 12:00:00+08:00,1085.0,1085.0,1075.0,1075.0,5015547
2025-07-09 13:00:00+08:00,1080.0,1090.0,1080.0,1080.0,3052382
2025-07-10 09:00:00+08:00,1095.0,1100.0,1090.0,1095.0,9920821
2025-07-10 10:00:00+08:00,1095.0,1095.0,1090.0,1090.0,1109057
2025-07-10 11:00:00+08:00,1095.0,1095.0,1090.0,1095.0,2072965
2025-07-10 12:00:00+08:00,1090.0,1095.0,1090.0,1090.0,1486588
2025-07-10 13:00:00+08:00,1095.0,1100.0,1090.0,1090.0,3640546
2025-07-11 09:00:00+08:00,1100.0,1100.0,1090.0,1095.0,7870346
2025-07-11 10:00:00+08:00,1095.0,1100.0,1095.0,1095.0,2008045
2025-07-11 11:00:00+08:00,1100.0,1100.0,1095.0,1095.0,2488399
2025-07-11 12:00:00+08:00,1095.0,1100.0,1095.0,1100.0,3885137
2025-07-11 13:00:00+08:00,1100.0,1100.0,1095.0,1100.0,3515085
2025-07-14 09:00:00+08:00,1090.0,1100.0,1090.0,1100.0,0
2025-07-14 10:00:00+08:00,1090.0,1100.0,1090.0,1090.0,5779578
2025-07-14 11:00:00+08:00,1090.0,1095.0,1090.0,1090.0,2425085
2025-07-14 12:00:00+08:00,1085.0,1095.0,1085.0,1090.0,4988745
2025-07-14 13:00:00+08:00,1090.0,1090.0,1085.0,1090.0,1681375
2025-07-15 09:00:00+08:00,1105.0,1105.0,1090.0,1095.0,22068634
2025-07-15 10:00:00+08:00,1105.0,1115.0,1105.0,1110.0,9026688
2025-07-15 11:00:00+08:00,1105.0,1110.0,1105.0,1110.0,2169373
2025-07-15 12:00:00+08:00,1110.0,1110.0,1105.0,1110.0,2055266
2025-07-15 13:00:00+08:00,1110.0,1115.0,1105.0,1110.0,7527622
2025-07-16 09:00:00+08:00,1125.0,1125.0,1120.0,1120.0,8471721
2025-07-16 10:00:00+08:00,1125.0,1130.0,1120.0,1120.0,7644059
2025-07-16 11:00:00+08:00,1125.0,1130.0,1125.0,1125.0,2135573
2025-07-16 12:00:00+08:00,1125.0,1130.0,1125.0,1130.0,2759804
2025-07-16 13:00:00+08:00,1130.0,1130.0,1125.0,1125.0,4954889
2025-07-17 09:00:00+08:00,1120.0,1135.0,1115.0,1130.0,16408313
2025-07-17 10:00:00+08:00,1125.0,1125.0,1120.0,1120.0,2327573
2025-07-17 11:00:00+08:00,1120.0,1125.0,1120.0,1120.0,2306107
2025-07-17 12:00:00+08:00,1130.0,1130.0,1120.0,1125.0,3546926
2025-07-17 13:00:00+08:00,1125.0,1130.0,1125.0,1125.0,2184815
2025-07-18 09:00:00+08:00,1155.0,1160.0,1150.0,1155.0,23762490
2025-07-18 10:00:00+08:00,1150.0,1155.0,1150.0,1155.0,3726845
2025-07-18 11:00:00+08:00,1155.0,1155.0,1150.0,1155.0,3490495
2025-07-18 12:00:00+08:00,1155.0,1155.0,1150.0,1155.0,5804336
2025-07-18 13:00:00+08:00,1150.0,1155.0,1145.0,1155.0,5515155
2025-07-21 09:00:00+08:00,1145.0,1150.0,1135.0,1145.0,0
2025-07-21 10:00:00+08:00,1140.0,1145.0,1140.0,1145.0,3244447
2025-07-21 11:00:00+08:00,1145.0,1145.0,1140.0,1140.0,3751558
2025-07-21 12:00:00+08:00,1145.0,1145.0,1140.0,1140.0,2042196
2025-07-21 13:00:00+08:00,1150.0,1150.0,1140.0,1140.0,3465423
2025-07-22 09:00:00+08:00,1150.0,1160.0,1145.0,1145.0,21119203
2025-07-22 10:00:00+08:00,1145.0,1155.0,1145.0,1150.0,8243301
2025-07-22 11:00:00+08:00,1145.0,1150.0,1140.0,1145.0,5751238
2025-07-22 12:00:00+08:00,1135.0,1145.0,1130.0,1140.0,8307938
2025-07-22 13:00:00+08:00,1135.0,1140.0,1135.0,1135.0,3059084
2025-07-23 09:00:00+08:00,1145.0,1145.0,1135.0,1140.0,10744401
2025-07-23 10:00:00+08:00,1140.0,1145.0,1135.0,1145.0,3995478
2025-07-23 11:00:00+08:00,1140.0,1145.0,1135.0,1140.0,4343647
2025-07-23 12:00:00+08:00,1135.0,1140.0,1135.0,1140.0,2333577
2025-07-23 13:00:00+08:00,1140.0,1140.0,1135.0,1135.0,3390163
2025-07-24 09:00:00+08:00,1145.0,1155.0,1145.0,1150.0,4800873
2025-07-24 10:00:00+08:00,1150.0,1150.0,1145.0,1145.0,1048589
2025-07-24 11:00:00+08:00,1145.0,1150.0,1145.0,1150.0,996730
2025-07-24 12:00:00+08:00,1145.0,1150.0,1145.0,1145.0,2207393
2025-07-24 13:00:00+08:00,1145.0,1150.0,1145.0,1145.0,1959523
2025-07-25 09:00:00+08:00,1150.0,1155.0,1145.0,1150.0,7530263
2025-07-25 10:00:00+08:00,1145.0,1150.0,1145.0,1150.0,3260342
2025-07-25 11:00:00+08:00,1145.0,1150.0,1145.0,1145.0,2423204
2025-07-25 12:00:00+08:00,1145.0,1150.0,1145.0,1150.0,2057383
2025-07-25 13:00:00+08:00,1140.0,1150.0,1140.0,1145.0,3383104
2025-07-28 09:00:00+08:00,1145.0,1160.0,1145.0,1155.0,0
2025-07-28 10:00:00+08:00,1150.0,1150.0,1145.0,1150.0,1120595
2025-07-28 11:00:00+08:00,1150.0,1150.0,1145.0,1150.0,1269926
2025-07-28 12:00:00+08:00,1150.0,1150.0,1145.0,1145.0,1008190
2025-07-28 13:00:00+08:00,1150.0,1150.0,1145.0,1145.0,2012010
2025-07-29 09:00:00+08:00,1130.0,1145.0,1130.0,1145.0,10263661
2025-07-29 10:00:00+08:00,1135.0,1135.0,1125.0,1135.0,11790544
2025-07-29 11:00:00+08:00,1135.0,1135.0,1130.0,1130.0,1614024
2025-07-29 12:00:00+08:00,1130.0,1135.0,1130.0,1135.0,2423955
2025-07-29 13:00:00+08:00,1135.0,1135.0,1130.0,1130.0,1885738
2025-07-30 09:00:00+08:00,1150.0,1160.0,1145.0,1150.0,20322939
2025-07-30 10:00:00+08:00,1150.0,1155.0,1145.0,1155.0,2488441
2025-07-30 11:00:00+08:00,1150.0,1155.0,1145.0,1150.0,2343525
2025-07-30 12:00:00+08:00,1150.0,1155.0,1145.0,1145.0,2513574
2025-07-30 13:00:00+08:00,1145.0,1155.0,1145.0,1155.0,3198905
2025-07-31 09:00:00+08:00,1160.0,1165.0,1155.0,1160.0,7257018
2025-07-31 10:00:00+08:00,1155.0,1160.0,1155.0,1160.0,2794983
2025-07-31 11:00:00+08:00,1155.0,1160.0,1155.0,1155.0,2692906
2025-07-31 12:00:00+08:00,1155.0,1160.0,1155.0,1155.0,3142583
2025-07-31 13:00:00+08:00,1160.0,1165.0,1155.0,1155.0,8292503
2025-08-01 09:00:00+08:00,1140.0,1150.0,1140.0,1145.0,11316044
2025-08-01 10:00:00+08:00,1140.0,1145.0,1140.0,1145.0,5811094
2025-08-01 11:00:00+08:00,1140.0,1145.0,1130.0,1145.0,12219738
2025-08-01 12:00:00+08:00,1135.0,1140.0,1135.0,1135.0,2728018
2025-08-01 13:00:00+08:00,1140.0,1145.0,1135.0,1135.0,6777820
2025-08-04 09:00:00+08:00,1130.0,1130.0,1125.0,1130.0,0
2025-08-04 10:00:00+08:00,1125.0,1130.0,1125.0,1130.0,5924351
2025-08-04 11:00:00+08:00,1130.0,1130.0,1125.0,1125.0,1968389
2025-08-04 12:00:00+08:00,1130.0,1130.0,1125.0,1130.0,1649770
2025-08-04 13:00:00+08:00,1135.0,1135.0,1125.0,1130.0,3440605
2025-08-05 09:00:00+08:00,1145.0,1150.0,1140.0,1145.0,5961812
2025-08-05 10:00:00+08:00,1145.0,1145.0,1140.0,1145.0,1849244
2025-08-05 11:00:00+08:00,1145.0,1145.0,1140.0,1145.0,1155992
2025-08-05 12:00:00+08:00,1145.0,1145.0,1140.0,1145.0,1557924
2025-08-05 13:00:00+08:00,1150.0,1150.0,1140.0,1145.0,2576023
2025-08-06 09:00:00+08:00,1130.0,1135.0,1125.0,1130.0,7325141
2025-08-06 10:00:00+08:00,1125.0,1130.0,1125.0,1130.0,2180972
2025-08-06 11:00:00+08:00,1125.0,1130.0,1125.0,1130.0,2587228
2025-08-06 12:00:00+08:00,1130.0,1130.0,1125.0,1125.0,2510106
2025-08-06 13:00:00+08:00,1125.0,1130.0,1125.0,1130.0,3509261
2025-08-07 09:00:00+08:00,1175.0,1180.0,1155.0,1160.0,41913219
2025-08-07 10:00:00+08:00,1175.0,1180.0,1175.0,1180.0,4581916
2025-08-07 11:00:00+08:00,1175.0,1180.0,1175.0,1180.0,4175363
2025-08-07 12:00:00+08:00,1180.0,1180.0,1175.0,1180.0,3462066
2025-08-07 13:00:00+08:00,1180.0,1180.0,1175.0,1175.0,4624994
2025-08-08 09:00:00+08:00,1175.0,1185.0,1175.0,1180.0,11254447
2025-08-08 10:00:00+08:00,1180.0,1180.0,1175.0,1180.0,2822004
2025-08-08 11:00:00+08:00,1180.0,1180.0,1175.0,1175.0,2611302
2025-08-08 12:00:00+08:00,1175.0,1180.0,1175.0,1180.0,3195232
2025-08-08 13:00:00+08:00,1170.0,1180.0,1170.0,1175.0,3413985
2025-08-11 09:00:00+08:00,1175.0,1175.0,1165.0,1170.0,0
2025-08-11 10:00:00+08:00,1180.0,1180.0,1170.0,1175.0,6094538
2025-08-11 11:00:00+08:00,1190.0,1195.0,1175.0,1175.0,14105945
2025-08-11 12:00:00+08:00,1190.0,1190.0,1185.0,1190.0,2716366
2025-08-11 13:00:00+08:00,1185.0,1190.0,1180.0,1190.0,5107630
2025-08-12 09:00:00+08:00,1180.0,1185.0,1170.0,1180.0,9176051
2025-08-12 10:00:00+08:00,1180.0,1180.0,1175.0,1180.0,2396469
2025-08-12 11:00:00+08:00,1185.0,1185.0,1175.0,1180.0,6089284
2025-08-12 12:00:00+08:00,1180.0,1190.0,1180.0,1185.0,5777409
2025-08-12 13:00:00+08:00,1185.0,1190.0,1180.0,1180.0,3587733
2025-08-13 09:00:00+08:00,1190.0,1190.0,1185.0,1185.0,4736177
2025-08-13 10:00:00+08:00,1200.0,1200.0,1185.0,1185.0,11318725
2025-08-13 11:00:00+08:00,1190.0,1200.0,1185.0,1200.0,6987957
2025-08-13 12:00:00+08:00,1195.0,1195.0,1185.0,1190.0,4867032
2025-08-13 13:00:00+08:00,1200.0,1200.0,1190.0,1190.0,5010557
2025-08-14 09:00:00+08:00,1175.0,1190.0,1175.0,1185.0,13089204
2025-08-14 10:00:00+08:00,1180.0,1180.0,1175.0,1175.0,4993276
2025-08-14 11:00:00+08:00,1180.0,1180.0,1175.0,1180.0,2158124
2025-08-14 12:00:00+08:00,1185.0,1185.0,1180.0,1180.0,5354096
2025-08-14 13:00:00+08:00,1180.0,1185.0,1180.0,1180.0,3296494
2025-08-15 09:00:00+08:00,1175.0,1180.0,1170.0,1175.0,6807900
2025-08-15 10:00:00+08:00,1175.0,1180.0,1170.0,1175.0,2366490
2025-08-15 11:00:00+08:00,1185.0,1185.0,1175.0,1180.0,4690967
2025-08-15 12:00:00+08:00,1180.0,1185.0,1180.0,1185.0,1655592
2025-08-15 13:00:00+08:00,1175.0,1185.0,1175.0,1185.0,3637045
2025-08-18 09:00:00+08:00,1180.0,1180.0,1170.0,1170.0,0
2025-08-18 10:00:00+08:00,1175.0,1180.0,1175.0,1180.0,1681981
2025-08-18 11:00:00+08:00,1180.0,1180.0,1175.0,1180.0,2311741
2025-08-18 12:00:00+08:00,1185.0,1185.0,1175.0,1180.0,2613377
2025-08-18 13:00:00+08:00,1180.0,1185.0,1180.0,1180.0,1811542
2025-08-19 09:00:00+08:00,1185.0,1185.0,1175.0,1180.0,6879910
2025-08-19 10:00:00+08:00,1180.0,1185.0,1180.0,1180.0,1601593
2025-08-19 11:00:00+08:00,1185.0,1185.0,1180.0,1180.0,1401346
2025-08-19 12:00:00+08:00,1185.0,1185.0,1180.0,1185.0,2367261
2025-08-19 13:00:00+08:00,1185.0,1185.0,1180.0,1180.0,1705340
2025-08-20 09:00:00+08:00,1165.0,1165.0,1155.0,1165.0,15532000
2025-08-20 10:00:00+08:00,1145.0,1165.0,1140.0,1160.0,25607081
2025-08-20 11:00:00+08:00,1140.0,1150.0,1140.0,1145.0,6170133
2025-08-20 12:00:00+08:00,1140.0,1145.0,1135.0,1140.0,9418027
2025-08-20 13:00:00+08:00,1135.0,1145.0,1135.0,1135.0,8593113
2025-08-21 09:00:00+08:00,1150.0,1150.0,1140.0,1140.0,10004232
2025-08-21 10:00:00+08:00,1145.0,1150.0,1140.0,1150.0,5149818
2025-08-21 11:00:00+08:00,1145.0,1150.0,1145.0,1145.0,1109467
2025-08-21 12:00:00+08:00,1150.0,1155.0,1145.0,1150.0,3883906
2025-08-21 13:00:00+08:00,1155.0,1155.0,1145.0,1150.0,1510266
2025-08-22 09:00:00+08:00,1150.0,1155.0,1140.0,1155.0,8447477
2025-08-22 10:00:00+08:00,1145.0,1150.0,1140.0,1145.0,2539740
2025-08-22 11:00:00+08:00,1145.0,1150.0,1140.0,1150.0,1720869
2025-08-22 12:00:00+08:00,1140.0,1145.0,1140.0,1140.0,1180617
2025-08-22 13:00:00+08:00,1140.0,1145.0,1140.0,1140.0,2092455
2025-08-25 09:00:00+08:00,1165.0,1165.0,1160.0,1165.0,0
2025-08-25 10:00:00+08:00,1175.0,1175.0,1160.0,1165.0,7435112
2025-08-25 11:00:00+08:00,1175.0,1180.0,1170.0,1175.0,4883180
2025-08-25 12:00:00+08:00,1170.0,1180.0,1170.0,1180.0,3287805
2025-08-25 13:00:00+08:00,1170.0,1175.0,1165.0,1170.0,2489035
2025-08-26 09:00:00+08:00,1165.0,1170.0,1160.0,1165.0,5124133
2025-08-26 10:00:00+08:00,1165.0,1170.0,1165.0,1170.0,1695734
2025-08-26 11:00:00+08:00,1175.0,1175.0,1165.0,1170.0,3906815
2025-08-26 12:00:00+08:00,1180.0,1185.0,1170.0,1175.0,7986163
2025-08-26 13:00:00+08:00,1180.0,1185.0,1175.0,1180.0,1009503
2025-08-27 09:00:00+08:00,1180.0,1190.0,1180.0,1190.0,7267271
2025-08-27 10:00:00+08:00,1180.0,1185.0,1180.0,1180.0,1815424
2025-08-27 11:00:00+08:00,1180.0,1185.0,1180.0,1185.0,1291843
2025-08-27 12:00:00+08:00,1185.0,1190.0,1180.0,1185.0,4308658
2025-08-27 13:00:00+08:00,1185.0,1190.0,1185.0,1185.0,4000935
2025-08-28 09:00:00+08:00,1180.0,1185.0,1175.0,1185.0,4957815
2025-08-28 10:00:00+08:00,1175.0,1180.0,1175.0,1180.0,1490004
2025-08-28 11:00:00+08:00,1175.0,1180.0,1170.0,1175.0,4004208
2025-08-28 12:00:00+08:00,1170.0,1175.0,1170.0,1175.0,1670292
2025-08-28 13:00:00+08:00,1175.0,1175.0,1170.0,1170.0,2692030
2025-08-29 09:00:00+08:00,1170.0,1185.0,1170.0,1180.0,5197457
2025-08-29 10:00:00+08:00,1165.0,1175.0,1165.0,1170.0,2125276
2025-08-29 11:00:00+08:00,1170.0,1175.0,1165.0,1165.0,2027448
2025-08-29 12:00:00+08:00,1170.0,1175.0,1170.0,1170.0,1721308
2025-08-29 13:00:00+08:00,1165.0,1175.0,1165.0,1170.0,1207325
2025-09-01 09:00:00+08:00,1165.0,1165.0,1145.0,1150.0,0
2025-09-01 10:00:00+08:00,1155.0,1165.0,1150.0,1165.0,4279545
2025-09-01 11:00:00+08:00,1150.0,1155.0,1150.0,1155.0,1878978
2025-09-01 12:00:00+08:00,1160.0,1160.0,1150.0,1155.0,4151177
2025-09-01 13:00:00+08:00,1155.0,1160.0,1155.0,1160.0,1237347
2025-09-02 09:00:00+08:00,1165.0,1175.0,1160.0,1170.0,0
2025-09-02 10:00:00+08:00,1165.0,1165.0,1160.0,1160.0,1569633
2025-09-02 11:00:00+08:00,1165.0,1165.0,1155.0,1165.0,4345847
2025-09-02 12:00:00+08:00,1160.0,1165.0,1160.0,1160.0,1661464
2025-09-02 13:00:00+08:00,1155.0,1165.0,1155.0,1160.0,1504786
2025-09-03 09:00:00+08:00,1160.0,1160.0,1145.0,1155.0,9773379
2025-09-03 10:00:00+08:00,1155.0,1160.0,1155.0,1160.0,2644997
2025-09-03 11:00:00+08:00,1160.0,1160.0,1155.0,1155.0,1051758
2025-09-03 12:00:00+08:00,1155.0,1160.0,1155.0,1155.0,1570795
2025-09-03 13:00:00+08:00,1155.0,1160.0,1155.0,1155.0,1340321
2025-09-04 09:00:00+08:00,1175.0,1175.0,1165.0,1170.0,7712332
2025-09-04 10:00:00+08:00,1165.0,1175.0,1165.0,1170.0,5843964
2025-09-04 11:00:00+08:00,1170.0,1170.0,1165.0,1165.0,2409195
2025-09-04 12:00:00+08:00,1165.0,1170.0,1160.0,1165.0,3327255
2025-09-04 13:00:00+08:00,1160.0,1165.0,1160.0,1165.0,1572241
2025-09-05 09:00:00+08:00,1175.0,1180.0,1170.0,1175.0,9394634
2025-09-05 10:00:00+08:00,1175.0,1180.0,1170.0,1170.0,6033612
2025-09-05 11:00:00+08:00,1175.0,1180.0,1170.0,1175.0,3685800
2025-09-05 12:00:00+08:00,1175.0,1180.0,1170.0,1175.0,2559634
2025-09-05 13:00:00+08:00,1170.0,1175.0,1170.0,1175.0,2462625
2025-09-08 09:00:00+08:00,1190.0,1195.0,1190.0,1195.0,0
2025-09-08 10:00:00+08:00,1185.0,1195.0,1185.0,1195.0,3079861
2025-09-08 11:00:00+08:00,1190.0,1190.0,1180.0,1190.0,4904420
2025-09-08 12:00:00+08:00,1190.0,1195.0,1180.0,1190.0,7327940
2025-09-08 13:00:00+08:00,1190.0,1190.0,1185.0,1185.0,1625623
2025-09-09 09:00:00+08:00,1200.0,1200.0,1190.0,1195.0,10450083
2025-09-09 10:00:00+08:00,1195.0,1200.0,1195.0,1195.0,3714347
2025-09-09 11:00:00+08:00,1195.0,1200.0,1195.0,1195.0,2651457
2025-09-09 12:00:00+08:00,1195.0,1200.0,1195.0,1195.0,3693226
2025-09-09 13:00:00+08:00,1200.0,1200.0,1195.0,1200.0,3197424
2025-09-10 09:00:00+08:00,1225.0,1225.0,1215.0,1220.0,18627513
2025-09-10 10:00:00+08:00,1225.0,1225.0,1220.0,1225.0,3233810
2025-09-10 11:00:00+08:00,1225.0,1225.0,1220.0,1225.0,8796111
2025-09-10 12:00:00+08:00,1225.0,1225.0,1220.0,1225.0,3005183
2025-09-10 13:00:00+08:00,1230.0,1230.0,1220.0,1225.0,3796862
2025-09-11 09:00:00+08:00,1255.0,1260.0,1250.0,1255.0,12037076
2025-09-11 10:00:00+08:00,1250.0,1255.0,1250.0,1255.0,2567766
2025-09-11 11:00:00+08:00,1255.0,1255.0,1250.0,1255.0,2078121
2025-09-11 12:00:00+08:00,1240.0,1255.0,1240.0,1255.0,8443985
2025-09-11 13:00:00+08:00,1235.0,1245.0,1235.0,1240.0,3006302
2025-09-12 09:00:00+08:00,1250.0,1255.0,1250.0,1255.0,6030641
2025-09-12 10:00:00+08:00,1250.0,1255.0,1250.0,1255.0,2549299
2025-09-12 11:00:00+08:00,1250.0,1255.0,1250.0,1250.0,2476394
2025-09-12 12:00:00+08:00,1250.0,1255.0,1250.0,1255.0,3034781
2025-09-12 13:00:00+08:00,1260.0,1260.0,1250.0,1255.0,6495675
2025-09-15 09:00:00+08:00,1250.0,1260.0,1250.0,1260.0,0
2025-09-15 10:00:00+08:00,1250.0,1255.0,1250.0,1255.0,3318976
2025-09-15 11:00:00+08:00,1255.0,1260.0,1250.0,1250.0,4466636
2025-09-15 12:00:00+08:00,1255.0,1260.0,1255.0,1255.0,2181688
2025-09-15 13:00:00+08:00,1255.0,1260.0,1255.0,1255.0,2586162
2025-09-16 09:00:00+08:00,1275.0,1280.0,1260.0,1265.0,0
2025-09-16 10:00:00+08:00,1275.0,1280.0,1270.0,1270.0,3319488
2025-09-16 11:00:00+08:00,1280.0,1280.0,1275.0,1280.0,2884981
2025-09-16 12:00:00+08:00,1285.0,1285.0,1275.0,1275.0,9245495
2025-09-16 13:00:00+08:00,1280.0,1285.0,1275.0,1285.0,4660499
2025-09-17 09:00:00+08:00,1265.0,1275.0,1265.0,1270.0,0
2025-09-17 10:00:00+08:00,1270.0,1275.0,1265.0,1265.0,3400895
2025-09-17 11:00:00+08:00,1270.0,1275.0,1265.0,1265.0,2981310
2025-09-17 12:00:00+08:00,1265.0,1275.0,1265.0,1270.0,5922321
2025-09-17 13:00:00+08:00,1265.0,1275.0,1265.0,1265.0,4994581
2025-09-18 09:00:00+08:00,1265.0,1280.0,1265.0,1275.0,0
2025-09-18 10:00:00+08:00,1275.0,1275.0,1265.0,1270.0,4174005
2025-09-18 11:00:00+08:00,1280.0,1280.0,1270.0,1275.0,2625043
2025-09-18 12:00:00+08:00,1280.0,1280.0,1275.0,1280.0,2880567
2025-09-18 13:00:00+08:00,1280.0,1280.0,1275.0,1280.0,2587235
2025-09-19 09:00:00+08:00,1270.0,1290.0,1270.0,1285.0,0
2025-09-19 10:00:00+08:00,1280.0,1285.0,1270.0,1275.0,2942861
2025-09-19 11:00:00+08:00,1275.0,1280.0,1275.0,1280.0,1280346
2025-09-19 12:00:00+08:00,1275.0,1280.0,1275.0,1280.0,2520664
2025-09-19 13:00:00+08:00,1280.0,1285.0,1275.0,1280.0,2443051
2025-09-22 09:00:00+08:00,1280.0,1280.0,1270.0,1270.0,0
2025-09-22 10:00:00+08:00,1290.0,1295.0,1275.0,1280.0,10415089
2025-09-22 11:00:00+08:00,1290.0,1295.0,1290.0,1295.0,2759826
2025-09-22 12:00:00+08:00,1290.0,1295.0,1290.0,1290.0,2038318
2025-09-22 13:00:00+08:00,1295.0,1295.0,1290.0,1290.0,2219898
2025-09-23 09:00:00+08:00,1330.0,1330.0,1315.0,1320.0,0
2025-09-23 10:00:00+08:00,1330.0,1330.0,1325.0,1330.0,4513942
2025-09-23 11:00:00+08:00,1325.0,1340.0,1325.0,1330.0,7907756
2025-09-23 12:00:00+08:00,1330.0,1335.0,1325.0,1325.0,2302734
2025-09-23 13:00:00+08:00,1340.0,1340.0,1330.0,1330.0,2989716
2025-09-24 09:00:00+08:00,1335.0,1355.0,1335.0,1350.0,0
2025-09-24 10:00:00+08:00,1340.0,1345.0,1330.0,1335.0,7818085
2025-09-24 11:00:00+08:00,1330.0,1340.0,1330.0,1335.0,4220786
2025-09-24 12:00:00+08:00,1330.0,1335.0,1325.0,1335.0,8349374
2025-09-24 13:00:00+08:00,1340.0,1340.0,1330.0,1335.0,2415038
2025-09-25 09:00:00+08:00,1330.0,1330.0,1320.0,1320.0,0
2025-09-25 10:00:00+08:00,1330.0,1330.0,1325.0,1330.0,2988184
2025-09-25 11:00:00+08:00,1325.0,1330.0,1325.0,1330.0,2087617
2025-09-25 12:00:00+08:00,1330.0,1330.0,1325.0,1325.0,3979805
2025-09-25 13:00:00+08:00,1325.0,1330.0,1325.0,1325.0,1561215
2025-09-26 09:00:00+08:00,1295.0,1315.0,1295.0,1310.0,0
2025-09-26 10:00:00+08:00,1305.0,1305.0,1295.0,1295.0,3933588
2025-09-26 11:00:00+08:00,1295.0,1305.0,1295.0,1305.0,2967639
2025-09-26 12:00:00+08:00,1295.0,1300.0,1295.0,1295.0,2042124
2025-09-26 13:00:00+08:00,1300.0,1305.0,1295.0,1300.0,2875563
2025-09-30 09:00:00+08:00,1315.0,1320.0,1310.0,1310.0,0
2025-09-30 10:00:00+08:00,1315.0,1320.0,1315.0,1320.0,3544242
2025-09-30 11:00:00+08:00,1315.0,1320.0,1315.0,1315.0,3305181
2025-09-30 12:00:00+08:00,1320.0,1320.0,1315.0,1315.0,3046106
2025-09-30 13:00:00+08:00,1320.0,1320.0,1315.0,1315.0,2614193
2025-10-01 09:00:00+08:00,1340.0,1350.0,1325.0,1325.0,0
2025-10-01 10:00:00+08:00,1340.0,1345.0,1335.0,1345.0,3766917
2025-10-01 11:00:00+08:00,1335.0,1340.0,1335.0,1335.0,3161885
2025-10-01 12:00:00+08:00,1330.0,1340.0,1330.0,1335.0,2925538
2025-10-01 13:00:00+08:00,1330.0,1335.0,1325.0,1330.0,2814835
2025-10-02 09:00:00+08:00,1360.0,1365.0,1355.0,1360.0,0
2025-10-02 10:00:00+08:00,1365.0,1370.0,1360.0,1365.0,6810946
2025-10-02 11:00:00+08:00,1365.0,1370.0,1365.0,1370.0,3078611
2025-10-02 12:00:00+08:00,1370.0,1370.0,1365.0,1370.0,3415645
2025-10-02 13:00:00+08:00,1365.0,1370.0,1365.0,1365.0,2951758
2025-10-03 09:00:00+08:00,1380.0,1380.0,1365.0,1365.0,0
2025-10-03 10:00:00+08:00,1385.0,1400.0,1375.0,1380.0,9257328
2025-10-03 11:00:00+08:00,1390.0,1395.0,1385.0,1390.0,2813228
2025-10-03 12:00:00+08:00,1390.0,1395.0,1385.0,1395.0,3252144
2025-10-03 13:00:00+08:00,1395.0,1395.0,1385.0,1385.0,2357169
2025-10-07 09:00:00+08:00,1435.0,1435.0,1420.0,1420.0,0
2025-10-07 10:00:00+08:00,1435.0,1435.0,1430.0,1435.0,3384820
2025-10-07 11:00:00+08:00,1440.0,1440.0,1430.0,1430.0,4510176
2025-10-07 12:00:00+08:00,1440.0,1440.0,1435.0,1440.0,4320819
2025-10-07 13:00:00+08:00,1440.0,1445.0,1435.0,1440.0,3235767
2025-10-08 09:00:00+08:00,1415.0,1415.0,1405.0,1410.0,0
2025-10-08 10:00:00+08:00,1410.0,1415.0,1410.0,1410.0,2675571
2025-10-08 11:00:00+08:00,1420.0,1420.0,1410.0,1415.0,3321852
2025-10-08 12:00:00+08:00,1415.0,1420.0,1415.0,1420.0,2964036
2025-10-08 13:00:00+08:00,1420.0,1420.0,1415.0,1420.0,2526105
2025-10-09 09:00:00+08:00,1455.0,1455.0,1435.0,1440.0,0
2025-10-09 10:00:00+08:00,1450.0,1455.0,1445.0,1455.0,4178780
2025-10-09 11:00:00+08:00,1440.0,1450.0,1435.0,1445.0,6445922
2025-10-09 12:00:00+08:00,1440.0,1440.0,1435.0,1440.0,2978816
2025-10-09 13:00:00+08:00,1440.0,1440.0,1430.0,1435.0,4159616
2025-10-13 09:00:00+08:00,1415.0,1420.0,1390.0,1390.0,0
2025-10-13 10:00:00+08:00,1405.0,1415.0,1405.0,1415.0,6944392
2025-10-13 11:00:00+08:00,1415.0,1415.0,1405.0,1405.0,6462122
2025-10-13 12:00:00+08:00,1415.0,1415.0,1410.0,1415.0,4031236
2025-10-13 13:00:00+08:00,1420.0,1420.0,1410.0,1410.0,4447270
2025-10-14 09:00:00+08:00,1455.0,1460.0,1445.0,1455.0,0
2025-10-14 10:00:00+08:00,1445.0,1460.0,1445.0,1455.0,5169442
2025-10-14 11:00:00+08:00,1445.0,1450.0,1445.0,1450.0,3785455
2025-10-14 12:00:00+08:00,1425.0,1450.0,1420.0,1445.0,9163534
2025-10-14 13:00:00+08:00,1425.0,1430.0,1420.0,1430.0,3027169
2025-10-15 09:00:00+08:00,1440.0,1440.0,1425.0,1435.0,0
2025-10-15 10:00:00+08:00,1450.0,1450.0,1435.0,1440.0,6334300
2025-10-15 11:00:00+08:00,1450.0,1460.0,1445.0,1445.0,7135269
2025-10-15 12:00:00+08:00,1450.0,1455.0,1445.0,1450.0,5459806
2025-10-15 13:00:00+08:00,1460.0,1465.0,1450.0,1455.0,5755471
2025-10-16 09:00:00+08:00,1485.0,1490.0,1465.0,1465.0,0
2025-10-16 10:00:00+08:00,1475.0,1485.0,1465.0,1485.0,6556600
2025-10-16 11:00:00+08:00,1480.0,1480.0,1470.0,1475.0,2460749
2025-10-16 12:00:00+08:00,1490.0,1490.0,1475.0,1475.0,5658340
2025-10-16 13:00:00+08:00,1490.0,1495.0,1485.0,1485.0,4291478
2025-10-17 09:00:00+08:00,1450.0,1465.0,1450.0,1455.0,0
2025-10-17 10:00:00+08:00,1460.0,1460.0,1450.0,1455.0,6202346
2025-10-17 11:00:00+08:00,1460.0,1465.0,1455.0,1460.0,3126181
2025-10-17 12:00:00+08:00,1460.0,1465.0,1455.0,1460.0,4093994
2025-10-17 13:00:00+08:00,1455.0,1460.0,1455.0,1455.0,3139203
2025-10-20 09:00:00+08:00,1490.0,1495.0,1455.0,1460.0,0
2025-10-20 10:00:00+08:00,1485.0,1490.0,1480.0,1490.0,4986640
2025-10-20 11:00:00+08:00,1485.0,1485.0,1480.0,1480.0,1772750
2025-10-20 12:00:00+08:00,1480.0,1490.0,1480.0,1480.0,3959002
2025-10-20 13:00:00+08:00,1485.0,1485.0,1480.0,1480.0,1316737
2025-10-21 09:00:00+08:00,1495.0,1500.0,1480.0,1485.0,0
2025-10-21 10:00:00+08:00,1495.0,1495.0,1490.0,1490.0,2670432
2025-10-21 11:00:00+08:00,1485.0,1495.0,1480.0,1495.0,7029894
2025-10-21 12:00:00+08:00,1490.0,1495.0,1480.0,1480.0,3558619
2025-10-21 13:00:00+08:00,1485.0,1490.0,1480.0,1485.0,2201318
2025-10-22 09:00:00+08:00,1460.0,1470.0,1455.0,1460.0,0
2025-10-22 10:00:00+08:00,1455.0,1465.0,1455.0,1460.0,6128259
2025-10-22 11:00:00+08:00,1455.0,1460.0,1455.0,1455.0,3600138
2025-10-22 12:00:00+08:00,1465.0,1465.0,1455.0,1460.0,3557309
2025-10-22 13:00:00+08:00,1470.0,1470.0,1460.0,1460.0,4108840
2025-10-23 09:00:00+08:00,1445.0,1450.0,1435.0,1440.0,0
2025-10-23 10:00:00+08:00,1445.0,1450.0,1445.0,1450.0,3890583
2025-10-23 11:00:00+08:00,1450.0,1455.0,1445.0,1450.0,2984104
2025-10-23 12:00:00+08:00,1450.0,1455.0,1450.0,1455.0,2759146
2025-10-23 13:00:00+08:00,1450.0,1455.0,1450.0,1450.0,2799896
2025-10-27 09:00:00+08:00,1485.0,1500.0,1485.0,1500.0,0
2025-10-27 10:00:00+08:00,1490.0,1490.0,1485.0,1490.0,2222891
2025-10-27 11:00:00+08:00,1490.0,1495.0,1485.0,1490.0,7110766
2025-10-27 12:00:00+08:00,1490.0,1495.0,1490.0,1495.0,1947883
2025-10-27 13:00:00+08:00,1490.0,1495.0,1485.0,1495.0,4064166
2025-10-28 09:00:00+08:00,1490.0,1490.0,1480.0,1480.0,0
2025-10-28 10:00:00+08:00,1480.0,1490.0,1480.0,1490.0,3611271
2025-10-28 11:00:00+08:00,1475.0,1485.0,1475.0,1485.0,5788092
2025-10-28 12:00:00+08:00,1470.0,1480.0,1470.0,1480.0,4517822
2025-10-28 13:00:00+08:00,1475.0,1480.0,1470.0,1470.0,2907851
2025-10-29 09:00:00+08:00,1500.0,1500.0,1490.0,1495.0,0
2025-10-29 10:00:00+08:00,1505.0,1515.0,1495.0,1500.0,12169785
2025-10-29 11:00:00+08:00,1510.0,1515.0,1505.0,1505.0,2693880
2025-10-29 12:00:00+08:00,1510.0,1515.0,1505.0,1510.0,2970852
2025-10-29 13:00:00+08:00,1505.0,1510.0,1505.0,1505.0,2198757
2025-10-30 09:00:00+08:00,1515.0,1520.0,1505.0,1515.0,0
2025-10-30 10:00:00+08:00,1515.0,1520.0,1510.0,1510.0,2985746
2025-10-30 11:00:00+08:00,1515.0,1515.0,1510.0,1515.0,1460387
2025-10-30 12:00:00+08:00,1510.0,1515.0,1500.0,1515.0,4891892
2025-10-30 13:00:00+08:00,1505.0,1510.0,1500.0,1510.0,5472911
2025-10-31 09:00:00+08:00,1520.0,1520.0,1510.0,1515.0,0
2025-10-31 10:00:00+08:00,1515.0,1520.0,1515.0,1520.0,1707155
2025-10-31 11:00:00+08:00,1510.0,1520.0,1510.0,1515.0,2813711
2025-10-31 12:00:00+08:00,1520.0,1520.0,1510.0,1510.0,2566718
2025-10-31 13:00:00+08:00,1520.0,1525.0,1515.0,1515.0,4428514
2025-11-03 09:00:00+08:00,1505.0,1520.0,1505.0,1510.0,0
2025-11-03 10:00:00+08:00,1495.0,1510.0,1495.0,1505.0,5987938
2025-11-03 11:00:00+08:00,1495.0,1500.0,1495.0,1500.0,2480885
2025-11-03 12:00:00+08:00,1500.0,1505.0,1490.0,1495.0,5420767
2025-11-03 13:00:00+08:00,1495.0,1505.0,1495.0,1500.0,2454170
2025-11-04 09:00:00+08:00,1520.0,1525.0,1515.0,1520.0,0
2025-11-04 10:00:00+08:00,1500.0,1520.0,1500.0,1520.0,6725492
2025-11-04 11:00:00+08:00,1505.0,1505.0,1500.0,1500.0,2949002
2025-11-04 12:00:00+08:00,1500.0,1505.0,1495.0,1505.0,6330534
2025-11-04 13:00:00+08:00,1500.0,1505.0,1495.0,1495.0,3718320
2025-11-05 09:00:00+08:00,1460.0,1485.0,1455.0,1480.0,0
2025-11-05 10:00:00+08:00,1465.0,1470.0,1460.0,1460.0,6336662
2025-11-05 11:00:00+08:00,1470.0,1475.0,1465.0,1465.0,5406719
2025-11-05 12:00:00+08:00,1465.0,1475.0,1465.0,1475.0,4868364
2025-11-05 13:00:00+08:00,1465.0,1470.0,1465.0,1465.0,3816359
2025-11-06 09:00:00+08:00,1475.0,1480.0,1470.0,1470.0,0
2025-11-06 10:00:00+08:00,1475.0,1480.0,1470.0,1480.0,3960642
2025-11-06 11:00:00+08:00,1470.0,1480.0,1470.0,1480.0,3899656
2025-11-06 12:00:00+08:00,1470.0,1480.0,1470.0,1475.0,3613253
2025-11-06 13:00:00+08:00,1475.0,1475.0,1470.0,1470.0,2224811
2025-11-07 09:00:00+08:00,1460.0,1460.0,1455.0,1460.0,0
2025-11-07 10:00:00+08:00,1465.0,1465.0,1455.0,1455.0,3926353
2025-11-07 11:00:00+08:00,1460.0,1465.0,1460.0,1465.0,2178901
2025-11-07 12:00:00+08:00,1460.0,1465.0,1455.0,1465.0,4522190
2025-11-07 13:00:00+08:00,1460.0,1465.0,1455.0,1460.0,1901863
2025-11-10 09:00:00+08:00,1475.0,1475.0,1465.0,1470.0,0
2025-11-10 10:00:00+08:00,1475.0,1475.0,1470.0,1470.0,3311837
2025-11-10 11:00:00+08:00,1475.0,1475.0,1470.0,1475.0,2652002
2025-11-10 12:00:00+08:00,1480.0,1485.0,1470.0,1475.0,5523268
2025-11-10 13:00:00+08:00,1485.0,1485.0,1480.0,1485.0,2549474
2025-11-11 09:00:00+08:00,1485.0,1495.0,1475.0,1490.0,0
2025-11-11 10:00:00+08:00,1480.0,1485.0,1475.0,1485.0,2308667
2025-11-11 11:00:00+08:00,1485.0,1485.0,1475.0,1480.0,2647069
2025-11-11 12:00:00+08:00,1480.0,1485.0,1475.0,1485.0,2946328
2025-11-11 13:00:00+08:00,1465.0,1480.0,1465.0,1480.0,3725441
2025-11-12 09:00:00+08:00,1465.0,1475.0,1460.0,1470.0,0
2025-11-12 10:00:00+08:00,1480.0,1480.0,1465.0,1465.0,4169345
2025-11-12 11:00:00+08:00,1485.0,1485.0,1475.0,1480.0,2885834
2025-11-12 12:00:00+08:00,1485.0,1485.0,1480.0,1485.0,2051485
2025-11-12 13:00:00+08:00,1485.0,1485.0,1480.0,1480.0,3213166
2025-11-13 09:00:00+08:00,1465.0,1470.0,1460.0,1460.0,0
2025-11-13 10:00:00+08:00,1470.0,1470.0,1460.0,1465.0,3099743
2025-11-13 11:00:00+08:00,1460.0,1470.0,1460.0,1465.0,3074182
2025-11-13 12:00:00+08:00,1470.0,1470.0,1460.0,1460.0,2327017
2025-11-13 13:00:00+08:00,1465.0,1470.0,1465.0,1465.0,2274347
2025-11-14 09:00:00+08:00,1430.0,1435.0,1425.0,1425.0,0
2025-11-14 10:00:00+08:00,1435.0,1440.0,1430.0,1430.0,3607258
2025-11-14 11:00:00+08:00,1435.0,1440.0,1435.0,1440.0,1551732
2025-11-14 12:00:00+08:00,1435.0,1440.0,1430.0,1440.0,4549192
2025-11-14 13:00:00+08:00,1435.0,1435.0,1430.0,1430.0,2905320
2025-11-17 09:00:00+08:00,1450.0,1460.0,1445.0,1450.0,0
2025-11-17 10:00:00+08:00,1450.0,1455.0,1445.0,1455.0,2663342
2025-11-17 11:00:00+08:00,1450.0,1455.0,1445.0,1455.0,2199239
2025-11-17 12:00:00+08:00,1445.0,1455.0,1445.0,1450.0,2850264
2025-11-17 13:00:00+08:00,1450.0,1455.0,1445.0,1450.0,1752921
2025-11-18 09:00:00+08:00,1425.0,1435.0,1420.0,1435.0,0
2025-11-18 10:00:00+08:00,1415.0,1430.0,1415.0,1430.0,8839949
2025-11-18 11:00:00+08:00,1410.0,1420.0,1405.0,1420.0,10008023
2025-11-18 12:00:00+08:00,1405.0,1415.0,1405.0,1410.0,5889580
2025-11-18 13:00:00+08:00,1415.0,1415.0,1405.0,1405.0,5644665
2025-11-19 09:00:00+08:00,1410.0,1415.0,1395.0,1400.0,0
2025-11-19 10:00:00+08:00,1405.0,1415.0,1405.0,1410.0,3232908
2025-11-19 11:00:00+08:00,1405.0,1410.0,1400.0,1405.0,5568618
2025-11-19 12:00:00+08:00,1405.0,1405.0,1395.0,1405.0,8004611
2025-11-19 13:00:00+08:00,1400.0,1405.0,1400.0,1400.0,3566344
2025-11-20 09:00:00+08:00,1445.0,1460.0,1445.0,1450.0,0
2025-11-20 10:00:00+08:00,1450.0,1450.0,1440.0,1445.0,4397556
2025-11-20 11:00:00+08:00,1455.0,1455.0,1445.0,1445.0,2603695
2025-11-20 12:00:00+08:00,1455.0,1455.0,1450.0,1455.0,2220946
2025-11-20 13:00:00+08:00,1460.0,1460.0,1450.0,1450.0,3219029
2025-11-21 09:00:00+08:00,1405.0,1405.0,1395.0,1395.0,0
2025-11-21 10:00:00+08:00,1395.0,1405.0,1395.0,1405.0,5520401
2025-11-21 11:00:00+08:00,1395.0,1400.0,1385.0,1395.0,15468315
2025-11-21 12:00:00+08:00,1395.0,1395.0,1385.0,1390.0,7758501
2025-11-21 13:00:00+08:00,1395.0,1400.0,1385.0,1395.0,5390832
2025-11-24 09:00:00+08:00,1385.0,1405.0,1380.0,1400.0,0
2025-11-24 10:00:00+08:00,1390.0,1395.0,1385.0,1390.0,5567770
2025-11-24 11:00:00+08:00,1390.0,1395.0,1385.0,1395.0,3727721
2025-11-24 12:00:00+08:00,1385.0,1390.0,1380.0,1390.0,10096166
2025-11-24 13:00:00+08:00,1385.0,1385.0,1380.0,1385.0,4847439
2025-11-25 09:00:00+08:00,1410.0,1425.0,1410.0,1425.0,0
2025-11-25 10:00:00+08:00,1410.0,1415.0,1410.0,1415.0,2549348
2025-11-25 11:00:00+08:00,1410.0,1415.0,1405.0,1410.0,5021694
2025-11-25 12:00:00+08:00,1410.0,1415.0,1405.0,1410.0,4714518
2025-11-25 13:00:00+08:00,1415.0,1415.0,1410.0,1415.0,1894360
2025-11-26 09:00:00+08:00,1435.0,1435.0,1425.0,1430.0,0
2025-11-26 10:00:00+08:00,1435.0,1435.0,1425.0,1435.0,3443228
2025-11-26 11:00:00+08:00,1425.0,1435.0,1425.0,1435.0,4231486
2025-11-26 12:00:00+08:00,1430.0,1435.0,1425.0,1425.0,3023345
2025-11-26 13:00:00+08:00,1430.0,1435.0,1425.0,1430.0,5986822
2025-11-27 09:00:00+08:00,1445.0,1455.0,1445.0,1450.0,0
2025-11-27 10:00:00+08:00,1445.0,1450.0,1440.0,1445.0,3827771
2025-11-27 11:00:00+08:00,1440.0,1445.0,1435.0,1445.0,3220578
2025-11-27 12:00:00+08:00,1430.0,1440.0,1430.0,1435.0,4578024
2025-11-27 13:00:00+08:00,1435.0,1440.0,1430.0,1430.0,2343452
2025-11-28 09:00:00+08:00,1445.0,1450.0,1435.0,1440.0,0
2025-11-28 10:00:00+08:00,1455.0,1455.0,1445.0,1450.0,3955679
2025-11-28 11:00:00+08:00,1455.0,1455.0,1450.0,1455.0,1594369
2025-11-28 12:00:00+08:00,1455.0,1455.0,1450.0,1455.0,2085980
2025-11-28 13:00:00+08:00,1455.0,1455.0,1450.0,1450.0,2389890
2025-12-01 09:00:00+08:00,1430.0,1445.0,1425.0,1445.0,0
2025-12-01 10:00:00+08:00,1430.0,1430.0,1420.0,1425.0,5617645
2025-12-01 11:00:00+08:00,1420.0,1430.0,1420.0,1425.0,2838734
2025-12-01 12:00:00+08:00,1425.0,1425.0,1415.0,1425.0,5536027
2025-12-01 13:00:00+08:00,1420.0,1425.0,1415.0,1420.0,3250530
2025-12-02 09:00:00+08:00,1435.0,1440.0,1425.0,1430.0,0
2025-12-02 10:00:00+08:00,1430.0,1435.0,1425.0,1430.0,1783613
2025-12-02 11:00:00+08:00,1430.0,1430.0,1425.0,1430.0,1952435
2025-12-02 12:00:00+08:00,1425.0,1430.0,1420.0,1425.0,4108048
2025-12-02 13:00:00+08:00,1425.0,1425.0,1420.0,1425.0,1938049
2025-12-03 09:00:00+08:00,1445.0,1450.0,1440.0,1440.0,0
2025-12-03 10:00:00+08:00,1440.0,1450.0,1435.0,1440.0,5471619
2025-12-03 11:00:00+08:00,1440.0,1445.0,1435.0,1440.0,2250136
2025-12-03 12:00:00+08:00,1445.0,1445.0,1435.0,1440.0,1749468
2025-12-03 13:00:00+08:00,1445.0,1450.0,1440.0,1445.0,2627819
2025-12-04 09:00:00+08:00,1445.0,1450.0,1440.0,1445.0,0
2025-12-04 10:00:00+08:00,1435.0,1445.0,1435.0,1440.0,2628645
2025-12-04 11:00:00+08:00,1435.0,1440.0,1430.0,1435.0,4441742
2025-12-04 12:00:00+08:00,1440.0,1440.0,1430.0,1440.0,2455860
2025-12-04 13:00:00+08:00,1440.0,1440.0,1435.0,1435.0,1729948
2025-12-05 09:00:00+08:00,1445.0,1450.0,1440.0,1445.0,0
2025-12-05 10:00:00+08:00,1445.0,1450.0,1440.0,1445.0,3780774
2025-12-05 11:00:00+08:00,1445.0,1450.0,1440.0,1450.0,2465564
2025-12-05 12:00:00+08:00,1450.0,1455.0,1445.0,1450.0,3897973
2025-12-05 13:00:00+08:00,1455.0,1455.0,1450.0,1450.0,2096522
2025-12-08 09:00:00+08:00,1480.0,1480.0,1460.0,1465.0,0
2025-12-08 10:00:00+08:00,1480.0,1485.0,1475.0,1480.0,3692742
2025-12-08 11:00:00+08:00,1490.0,1490.0,1480.0,1480.0,2994796
2025-12-08 12:00:00+08:00,1490.0,1490.0,1485.0,1490.0,2549846
2025-12-08 13:00:00+08:00,1495.0,1495.0,1485.0,1485.0,3355049
2025-12-09 09:00:00+08:00,1490.0,1500.0,1485.0,1495.0,6901247
2025-12-09 10:00:00+08:00,1485.0,1490.0,1480.0,1490.0,3460806
2025-12-09 11:00:00+08:00,1485.0,1485.0,1480.0,1485.0,2076943
2025-12-09 12:00:00+08:00,1485.0,1490.0,1480.0,1485.0,3490531
2025-12-09 13:00:00+08:00,1480.0,1490.0,1480.0,1485.0,2213725
2025-12-10 09:00:00+08:00,1490.0,1495.0,1485.0,1490.0,0
2025-12-10 10:00:00+08:00,1495.0,1495.0,1485.0,1490.0,2265802
2025-12-10 11:00:00+08:00,1495.0,1500.0,1490.0,1495.0,5033092
2025-12-10 12:00:00+08:00,1505.0,1505.0,1495.0,1500.0,4559399
2025-12-10 13:00:00+08:00,1500.0,1505.0,1495.0,1500.0,2101786
2025-12-11 09:00:00+08:00,1495.0,1515.0,1490.0,1510.0,0
2025-12-11 10:00:00+08:00,1485.0,1495.0,1480.0,1495.0,4843233
2025-12-11 11:00:00+08:00,1470.0,1485.0,1470.0,1485.0,6260152
2025-12-11 12:00:00+08:00,1470.0,1475.0,1470.0,1470.0,3903778
2025-12-11 13:00:00+08:00,1465.0,1475.0,1465.0,1470.0,3551395
2025-12-12 09:00:00+08:00,1480.0,1485.0,1475.0,1475.0,0
2025-12-12 10:00:00+08:00,1475.0,1485.0,1475.0,1485.0,1873534
2025-12-12 11:00:00+08:00,1470.0,1480.0,1470.0,1475.0,2943806
2025-12-12 12:00:00+08:00,1470.0,1480.0,1470.0,1475.0,4598031
2025-12-12 13:00:00+08:00,1475.0,1480.0,1470.0,1475.0,1692676
2025-12-15 09:00:00+08:00,1450.0,1455.0,1445.0,1450.0,0
2025-12-15 10:00:00+08:00,1450.0,1455.0,1450.0,1455.0,4610297
2025-12-15 11:00:00+08:00,1450.0,1455.0,1450.0,1455.0,1798507
2025-12-15 12:00:00+08:00,1455.0,1455.0,1450.0,1450.0,2311836
2025-12-15 13:00:00+08:00,1450.0,1455.0,1450.0,1450.0,3338476
2025-12-16 09:00:00+08:00,1430.0,1440.0,1430.0,1435.0,0
2025-12-16 10:00:00+08:00,1425.0,1435.0,1425.0,1430.0,6612956
2025-12-16 11:00:00+08:00,1430.0,1430.0,1425.0,1430.0,4130988
2025-12-16 12:00:00+08:00,1435.0,1440.0,1425.0,1425.0,5667214
2025-12-16 13:00:00+08:00,1445.0,1445.0,1435.0,1440.0,2750802
2025-12-17 09:00:00+08:00,1440.0,1445.0,1435.0,1435.0,0
2025-12-17 10:00:00+08:00,1445.0,1445.0,1435.0,1440.0,4613740
2025-12-17 11:00:00+08:00,1440.0,1445.0,1440.0,1445.0,1825478
2025-12-17 12:00:00+08:00,1430.0,1445.0,1425.0,1440.0,9056009
2025-12-17 13:00:00+08:00,1425.0,1430.0,1425.0,1425.0,5296451
2025-12-18 09:00:00+08:00,1425.0,1435.0,1415.0,1420.0,13334673
2025-12-18 10:00:00+08:00,1425.0,1435.0,1425.0,1430.0,4375156
2025-12-18 11:00:00+08:00,1420.0,1430.0,1420.0,1430.0,3244139
2025-12-18 12:00:00+08:00,1430.0,1430.0,1420.0,1420.0,4604367
2025-12-18 13:00:00+08:00,1425.0,1430.0,1420.0,1430.0,2121565
2025-12-19 09:00:00+08:00,1450.0,1455.0,1445.0,1455.0,0
2025-12-19 10:00:00+08:00,1445.0,1455.0,1445.0,1455.0,2735602
2025-12-19 11:00:00+08:00,1445.0,1450.0,1440.0,1445.0,3531272
2025-12-19 12:00:00+08:00,1435.0,1445.0,1430.0,1445.0,5311303
2025-12-19 13:00:00+08:00,1435.0,1440.0,1430.0,1435.0,2361265
2025-12-22 09:00:00+08:00,1460.0,1470.0,1455.0,1465.0,0
2025-12-22 10:00:00+08:00,1460.0,1465.0,1455.0,1460.0,3902444
2025-12-22 11:00:00+08:00,1460.0,1465.0,1460.0,1460.0,2192213
2025-12-22 12:00:00+08:00,1460.0,1465.0,1455.0,1465.0,3961725
2025-12-22 13:00:00+08:00,1460.0,1465.0,1460.0,1465.0,1944154
2025-12-23 09:00:00+08:00,1485.0,1485.0,1470.0,1475.0,0
2025-12-23 10:00:00+08:00,1480.0,1485.0,1480.0,1485.0,2020418
2025-12-23 11:00:00+08:00,1480.0,1490.0,1480.0,1485.0,5580214
2025-12-23 12:00:00+08:00,1485.0,1490.0,1480.0,1485.0,2559413
2025-12-23 13:00:00+08:00,1490.0,1490.0,1485.0,1490.0,2152857
2025-12-24 09:00:00+08:00,1485.0,1500.0,1485.0,1495.0,0
2025-12-24 10:00:00+08:00,1490.0,1490.0,1485.0,1485.0,2213130
2025-12-24 11:00:00+08:00,1485.0,1490.0,1485.0,1485.0,1569064
2025-12-24 12:00:00+08:00,1490.0,1495.0,1485.0,1485.0,2085006
2025-12-24 13:00:00+08:00,1495.0,1495.0,1490.0,1495.0,1552142
2025-12-26 09:00:00+08:00,1500.0,1510.0,1495.0,1505.0,0
2025-12-26 10:00:00+08:00,1510.0,1510.0,1500.0,1505.0,4800480
2025-12-26 11:00:00+08:00,1510.0,1510.0,1505.0,1510.0,3775180
2025-12-26 12:00:00+08:00,1510.0,1510.0,1505.0,1510.0,2423965
2025-12-26 13:00:00+08:00,1505.0,1510.0,1505.0,1510.0,2213003
2025-12-29 09:00:00+08:00,1525.0,1525.0,1510.0,1515.0,0
2025-12-29 10:00:00+08:00,1525.0,1525.0,1520.0,1525.0,4028607
2025-12-29 11:00:00+08:00,1525.0,1530.0,1520.0,1525.0,4627190
2025-12-29 12:00:00+08:00,1530.0,1530.0,1525.0,1525.0,2151897
2025-12-29 13:00:00+08:00,1525.0,1530.0,1525.0,1530.0,1713647
2025-12-30 09:00:00+08:00,1525.0,1525.0,1510.0,1515.0,0
2025-12-30 10:00:00+08:00,1520.0,1525.0,1520.0,1525.0,2237288
2025-12-30 11:00:00+08:00,1530.0,1530.0,1520.0,1525.0,3527135
2025-12-30 12:00:00+08:00,1525.0,1530.0,1525.0,1530.0,2599333
2025-12-30 13:00:00+08:00,1530.0,1530.0,1525.0,1525.0,3124380
2025-12-31 09:00:00+08:00,1545.0,1550.0,1515.0,1520.0,0
2025-12-31 10:00:00+08:00,1540.0,1545.0,1535.0,1540.0,2988137
2025-12-31 11:00:00+08:00,1545.0,1550.0,1540.0,1540.0,4273061
2025-12-31 12:00:00+08:00,1545.0,1550.0,1545.0,1550.0,3322399
2025-12-31 13:00:00+08:00,1550.0,1550.0,1545.0,1550.0,3001106
2026-01-02 09:00:00+08:00,1555.0,1565.0,1545.0,1555.0,0
2026-01-02 10:00:00+08:00,1570.0,1570.0,1555.0,1560.0,7295283
2026-01-02 11:00:00+08:00,1575.0,1580.0,1565.0,1570.0,5836328
2026-01-02 12:00:00+08:00,1580.0,1585.0,1570.0,1575.0,8305100
2026-01-02 13:00:00+08:00,1585.0,1585.0,1580.0,1580.0,3200925
2026-01-05 09:00:00+08:00,1670.0,1685.0,1625.0,1630.0,0
2026-01-05 10:00:00+08:00,1680.0,1680.0,1665.0,1670.0,7006777
2026-01-05 11:00:00+08:00,1680.0,1695.0,1675.0,1680.0,10724942
2026-01-05 12:00:00+08:00,1675.0,1685.0,1670.0,1685.0,6753933
2026-01-05 13:00:00+08:00,1665.0,1675.0,1665.0,1675.0,4538958
2026-01-06 09:00:00+08:00,1670.0,1675.0,1645.0,1645.0,0
2026-01-06 10:00:00+08:00,1685.0,1685.0,1670.0,1675.0,6179997
2026-01-06 11:00:00+08:00,1690.0,1695.0,1680.0,1685.0,6012234
2026-01-06 12:00:00+08:00,1690.0,1700.0,1685.0,1690.0,8030084
2026-01-06 13:00:00+08:00,1690.0,1700.0,1690.0,1690.0,4327096
2026-01-07 09:00:00+08:00,1670.0,1685.0,1665.0,1665.0,0
2026-01-07 10:00:00+08:00,1680.0,1680.0,1670.0,1675.0,4911006
2026-01-07 11:00:00+08:00,1680.0,1685.0,1675.0,1680.0,5198543
2026-01-07 12:00:00+08:00,1670.0,1680.0,1665.0,1680.0,9963553
2026-01-07 13:00:00+08:00,1670.0,1675.0,1670.0,1670.0,2792043
2026-01-08 09:00:00+08:00,1680.0,1685.0,1655.0,1660.0,0
2026-01-08 10:00:00+08:00,1685.0,1700.0,1680.0,1685.0,5914801
2026-01-08 11:00:00+08:00,1695.0,1695.0,1685.0,1685.0,3197084
2026-01-08 12:00:00+08:00,1695.0,1695.0,1690.0,1695.0,3154893
2026-01-08 13:00:00+08:00,1695.0,1695.0,1690.0,1690.0,3096138
2026-01-09 09:00:00+08:00,1665.0,1675.0,1655.0,1665.0,0
2026-01-09 10:00:00+08:00,1695.0,1700.0,1670.0,1670.0,7456597
2026-01-09 11:00:00+08:00,1695.0,1700.0,1690.0,1690.0,2975825
2026-01-09 12:00:00+08:00,1685.0,1700.0,1685.0,1690.0,5774389
2026-01-09 13:00:00+08:00,1685.0,1690.0,1685.0,1690.0,1523713
2026-01-12 09:00:00+08:00,1690.0,1705.0,1690.0,1700.0,0
2026-01-12 10:00:00+08:00,1695.0,1700.0,1690.0,1695.0,5580619
2026-01-12 11:00:00+08:00,1700.0,1700.0,1690.0,1695.0,3183480
2026-01-12 12:00:00+08:00,1700.0,1700.0,1690.0,1700.0,5477953
2026-01-12 13:00:00+08:00,1690.0,1700.0,1690.0,1700.0,2417880
2026-01-13 09:00:00+08:00,1705.0,1720.0,1700.0,1720.0,0
2026-01-13 10:00:00+08:00,1710.0,1715.0,1700.0,1710.0,5071581
2026-01-13 11:00:00+08:00,1710.0,1715.0,1705.0,1715.0,2987205
2026-01-13 12:00:00+08:00,1705.0,1715.0,1705.0,1705.0,3576544
2026-01-13 13:00:00+08:00,1710.0,1710.0,1705.0,1710.0,3135301
2026-01-14 09:00:00+08:00,1710.0,1715.0,1705.0,1705.0,0
2026-01-14 10:00:00+08:00,1710.0,1715.0,1705.0,1710.0,6113303
2026-01-14 11:00:00+08:00,1705.0,1715.0,1705.0,1710.0,3814696
2026-01-14 12:00:00+08:00,1705.0,1710.0,1700.0,1705.0,5120554
2026-01-14 13:00:00+08:00,1705.0,1705.0,1700.0,1700.0,2956828
2026-01-15 09:00:00+08:00,1695.0,1695.0,1685.0,1685.0,10559776
2026-01-15 10:00:00+08:00,1685.0,1695.0,1685.0,1695.0,6485055
2026-01-15 11:00:00+08:00,1680.0,1690.0,1680.0,1690.0,5996251
2026-01-15 12:00:00+08:00,1690.0,1695.0,1680.0,1685.0,6856924
2026-01-15 13:00:00+08:00,1695.0,1700.0,1690.0,1695.0,4059778
2026-01-16 09:00:00+08:00,1715.0,1735.0,1710.0,1735.0,0
2026-01-16 10:00:00+08:00,1730.0,1730.0,1715.0,1720.0,7181907
2026-01-16 11:00:00+08:00,1735.0,1740.0,1725.0,1730.0,7521453
2026-01-16 12:00:00+08:00,1745.0,1745.0,1730.0,1730.0,8232542
2026-01-16 13:00:00+08:00,1745.0,1750.0,1740.0,1740.0,3648289
2026-01-19 09:00:00+08:00,1725.0,1740.0,1725.0,1725.0,0
2026-01-19 10:00:00+08:00,1730.0,1735.0,1725.0,1730.0,2818719
2026-01-19 11:00:00+08:00,1750.0,1750.0,1730.0,1735.0,4504219
2026-01-19 12:00:00+08:00,1770.0,1780.0,1745.0,1745.0,8319690
2026-01-19 13:00:00+08:00,1740.0,1775.0,1740.0,1775.0,3066441
2026-01-20 09:00:00+08:00,1750.0,1755.0,1740.0,1740.0,0
2026-01-20 10:00:00+08:00,1760.0,1765.0,1745.0,1750.0,5300235
2026-01-20 11:00:00+08:00,1760.0,1770.0,1760.0,1765.0,4672285
2026-01-20 12:00:00+08:00,1765.0,1775.0,1760.0,1760.0,4733698
2026-01-20 13:00:00+08:00,1770.0,1770.0,1765.0,1770.0,1411446
2026-01-21 09:00:00+08:00,1755.0,1765.0,1740.0,1745.0,0
2026-01-21 10:00:00+08:00,1750.0,1760.0,1750.0,1755.0,4682208
2026-01-21 11:00:00+08:00,1745.0,1755.0,1745.0,1755.0,6245930
2026-01-21 12:00:00+08:00,1740.0,1750.0,1740.0,1745.0,6791392
2026-01-21 13:00:00+08:00,1745.0,1750.0,1740.0,1740.0,5333525
2026-01-22 09:00:00+08:00,1765.0,1770.0,1755.0,1765.0,0
2026-01-22 10:00:00+08:00,1765.0,1770.0,1760.0,1765.0,4242496
2026-01-22 11:00:00+08:00,1765.0,1770.0,1760.0,1765.0,2919871
2026-01-22 12:00:00+08:00,1760.0,1765.0,1755.0,1765.0,3717373
2026-01-22 13:00:00+08:00,1755.0,1760.0,1750.0,1760.0,4081247
2026-01-23 09:00:00+08:00,1760.0,1770.0,1750.0,1770.0,0
2026-01-23 10:00:00+08:00,1760.0,1770.0,1755.0,1760.0,4016967
2026-01-23 11:00:00+08:00,1770.0,1775.0,1760.0,1760.0,4792482
2026-01-23 12:00:00+08:00,1770.0,1775.0,1765.0,1775.0,3540832
2026-01-23 13:00:00+08:00,1770.0,1770.0,1765.0,1770.0,1757794
2026-01-26 09:00:00+08:00,1770.0,1785.0,1765.0,1765.0,0
2026-01-26 10:00:00+08:00,1770.0,1775.0,1765.0,1775.0,2578810
2026-01-26 11:00:00+08:00,1770.0,1775.0,1765.0,1770.0,2486449
2026-01-26 12:00:00+08:00,1760.0,1770.0,1755.0,1770.0,6568588
2026-01-26 13:00:00+08:00,1755.0,1765.0,1755.0,1755.0,2359754
2026-01-27 09:00:00+08:00,1765.0,1770.0,1755.0,1760.0,0
2026-01-27 10:00:00+08:00,1780.0,1780.0,1765.0,1770.0,6424404
2026-01-27 11:00:00+08:00,1775.0,1785.0,1775.0,1780.0,4550449
2026-01-27 12:00:00+08:00,1780.0,1780.0,1775.0,1775.0,2612764
2026-01-27 13:00:00+08:00,1775.0,1780.0,1775.0,1775.0,2949080
2026-01-28 09:00:00+08:00,1800.0,1805.0,1790.0,1790.0,11290169
2026-01-28 10:00:00+08:00,1800.0,1805.0,1800.0,1805.0,2657971
2026-01-28 11:00:00+08:00,1805.0,1810.0,1800.0,1800.0,3375568
2026-01-28 12:00:00+08:00,1815.0,1815.0,1805.0,1810.0,4535274
2026-01-28 13:00:00+08:00,1815.0,1820.0,1810.0,1810.0,3168288
2026-01-29 09:00:00+08:00,1815.0,1835.0,1800.0,1830.0,12458781
2026-01-29 10:00:00+08:00,1810.0,1820.0,1805.0,1815.0,4177559
2026-01-29 11:00:00+08:00,1815.0,1820.0,1810.0,1810.0,2809733
2026-01-29 12:00:00+08:00,1815.0,1820.0,1810.0,1815.0,2662917
2026-01-29 13:00:00+08:00,1805.0,1815.0,1805.0,1815.0,4211252
2026-01-30 09:00:00+08:00,1785.0,1795.0,1780.0,1790.0,11327844
2026-01-30 10:00:00+08:00,1795.0,1795.0,1780.0,1785.0,6606117
2026-01-30 11:00:00+08:00,1795.0,1800.0,1790.0,1795.0,3586307
2026-01-30 12:00:00+08:00,1795.0,1800.0,1790.0,1795.0,4665693
2026-01-30 13:00:00+08:00,1790.0,1800.0,1785.0,1790.0,3123832
2026-02-03 09:00:00+08:00,1795.0,1810.0,1790.0,1810.0,8899553
2026-02-03 10:00:00+08:00,1790.0,1795.0,1785.0,1795.0,4077048
2026-02-03 11:00:00+08:00,1785.0,1795.0,1785.0,1790.0,2353040
2026-02-03 12:00:00+08:00,1785.0,1795.0,1785.0,1790.0,3579316
2026-02-03 13:00:00+08:00,1800.0,1800.0,1785.0,1790.0,3996499
2026-02-04 09:00:00+08:00,1790.0,1790.0,1775.0,1785.0,0
2026-02-04 10:00:00+08:00,1795.0,1805.0,1785.0,1790.0,5232969
2026-02-04 11:00:00+08:00,1790.0,1795.0,1790.0,1795.0,1586776
2026-02-04 12:00:00+08:00,1795.0,1795.0,1785.0,1795.0,4489113
2026-02-04 13:00:00+08:00,1780.0,1795.0,1780.0,1795.0,3120028
2026-02-05 09:00:00+08:00,1765.0,1770.0,1760.0,1765.0,0
2026-02-05 10:00:00+08:00,1775.0,1775.0,1760.0,1765.0,5041500
2026-02-05 11:00:00+08:00,1770.0,1775.0,1765.0,1775.0,2832648
2026-02-05 12:00:00+08:00,1775.0,1780.0,1765.0,1770.0,3839001
2026-02-05 13:00:00+08:00,1770.0,1775.0,1765.0,1775.0,2538486
2026-02-06 09:00:00+08:00,1755.0,1755.0,1740.0,1745.0,0
2026-02-06 10:00:00+08:00,1780.0,1780.0,1750.0,1750.0,5285581
2026-02-06 11:00:00+08:00,1775.0,1780.0,1770.0,1780.0,2613045
2026-02-06 12:00:00+08:00,1770.0,1780.0,1765.0,1775.0,4059058
2026-02-06 13:00:00+08:00,1770.0,1775.0,1765.0,1770.0,2502453
2026-02-09 09:00:00+08:00,1830.0,1835.0,1820.0,1830.0,0
2026-02-09 10:00:00+08:00,1825.0,1835.0,1825.0,1830.0,5098114
2026-02-09 11:00:00+08:00,1830.0,1835.0,1825.0,1830.0,4158250
2026-02-09 12:00:00+08:00,1830.0,1835.0,1820.0,1830.0,5199226
2026-02-09 13:00:00+08:00,1820.0,1830.0,1815.0,1830.0,3846831
2026-02-10 09:00:00+08:00,1875.0,1875.0,1840.0,1845.0,0
2026-02-10 10:00:00+08:00,1865.0,1875.0,1860.0,1875.0,4671350
2026-02-10 11:00:00+08:00,1860.0,1870.0,1860.0,1865.0,3533197
2026-02-10 12:00:00+08:00,1865.0,1870.0,1860.0,1865.0,5794183
2026-02-10 13:00:00+08:00,1870.0,1870.0,1865.0,1865.0,2531540
2026-02-11 09:00:00+08:00,1900.0,1905.0,1875.0,1880.0,0
2026-02-11 10:00:00+08:00,1920.0,1920.0,1895.0,1900.0,8050314
2026-02-11 11:00:00+08:00,1925.0,1925.0,1915.0,1915.0,5127465
2026-02-11 12:00:00+08:00,1925.0,1925.0,1915.0,1920.0,6258616
2026-02-11 13:00:00+08:00,1920.0,1925.0,1915.0,1925.0,4898819
2026-02-23 09:00:00+08:00,1920.0,1935.0,1900.0,1900.0,0
2026-02-23 10:00:00+08:00,1925.0,1930.0,1915.0,1925.0,7719876
2026-02-23 11:00:00+08:00,1920.0,1925.0,1915.0,1925.0,6015898
2026-02-23 12:00:00+08:00,1920.0,1920.0,1915.0,1920.0,6355575
2026-02-23 13:00:00+08:00,1905.0,1920.0,1900.0,1920.0,9913479
2026-02-24 09:00:00+08:00,1930.0,1940.0,1915.0,1915.0,0
2026-02-24 10:00:00+08:00,1960.0,1975.0,1930.0,1930.0,8945152
2026-02-24 11:00:00+08:00,1965.0,1970.0,1960.0,1965.0,4447685
2026-02-24 12:00:00+08:00,1970.0,1970.0,1960.0,1965.0,4191163
2026-02-24 13:00:00+08:00,1970.0,1975.0,1965.0,1970.0,3292416
2026-02-25 09:00:00+08:00,2000.0,2000.0,1995.0,1995.0,0
2026-02-25 10:00:00+08:00,2025.0,2025.0,1995.0,1995.0,12425483
2026-02-25 11:00:00+08:00,2010.0,2025.0,2005.0,2025.0,5485328
2026-02-25 12:00:00+08:00,2005.0,2015.0,2000.0,2010.0,4998603
2026-02-25 13:00:00+08:00,2005.0,2015.0,2000.0,2005.0,4518724
2026-02-26 09:00:00+08:00,1995.0,2005.0,1995.0,2000.0,0
2026-02-26 10:00:00+08:00,2010.0,2010.0,1995.0,2000.0,6605536
2026-02-26 11:00:00+08:00,2005.0,2010.0,2000.0,2005.0,2618509
2026-02-26 12:00:00+08:00,2005.0,2005.0,2000.0,2000.0,5175217
2026-02-26 13:00:00+08:00,2005.0,2005.0,1995.0,2005.0,4683070
2026-03-02 09:00:00+08:00,1985.0,1995.0,1940.0,1940.0,0
2026-03-02 10:00:00+08:00,1990.0,1990.0,1980.0,1985.0,4574701
2026-03-02 11:00:00+08:00,1990.0,1990.0,1985.0,1990.0,2996486
2026-03-02 12:00:00+08:00,1985.0,1990.0,1980.0,1985.0,7438316
2026-03-02 13:00:00+08:00,1985.0,1990.0,1980.0,1990.0,3768417
2026-03-03 09:00:00+08:00,1960.0,1980.0,1960.0,1970.0,0
2026-03-03 10:00:00+08:00,1950.0,1965.0,1940.0,1965.0,13117214
2026-03-03 11:00:00+08:00,1945.0,1955.0,1940.0,1955.0,6520482
2026-03-03 12:00:00+08:00,1945.0,1950.0,1940.0,1950.0,5628106
2026-03-03 13:00:00+08:00,1945.0,1945.0,1940.0,1940.0,4596981
2026-03-04 09:00:00+08:00,1895.0,1910.0,1880.0,1895.0,0
2026-03-04 10:00:00+08:00,1885.0,1900.0,1880.0,1900.0,11666181
2026-03-04 11:00:00+08:00,1880.0,1890.0,1880.0,1885.0,8278120
2026-03-04 12:00:00+08:00,1880.0,1890.0,1870.0,1885.0,14700364
2026-03-04 13:00:00+08:00,1870.0,1885.0,1870.0,1880.0,5755009
2026-03-05 09:00:00+08:00,1925.0,1960.0,1920.0,1940.0,0
2026-03-05 10:00:00+08:00,1915.0,1930.0,1905.0,1925.0,6913657
2026-03-05 11:00:00+08:00,1900.0,1925.0,1900.0,1920.0,4996953
2026-03-05 12:00:00+08:00,1915.0,1915.0,1895.0,1900.0,7592376
2026-03-05 13:00:00+08:00,1905.0,1915.0,1900.0,1915.0,3720246
2026-03-06 09:00:00+08:00,1890.0,1895.0,1880.0,1880.0,0
2026-03-06 10:00:00+08:00,1890.0,1900.0,1885.0,1890.0,5992066
2026-03-06 11:00:00+08:00,1890.0,1895.0,1880.0,1895.0,5027793
2026-03-06 12:00:00+08:00,1885.0,1895.0,1885.0,1890.0,3575204
2026-03-06 13:00:00+08:00,1885.0,1890.0,1885.0,1885.0,2809073
2026-03-09 09:00:00+08:00,1785.0,1810.0,1770.0,1775.0,14466232
2026-03-09 10:00:00+08:00,1800.0,1800.0,1780.0,1785.0,12271381
2026-03-09 11:00:00+08:00,1800.0,1810.0,1795.0,1800.0,8888896
2026-03-09 12:00:00+08:00,1800.0,1810.0,1795.0,1800.0,9679258
2026-03-09 13:00:00+08:00,1795.0,1805.0,1795.0,1795.0,8674664
2026-03-10 09:00:00+08:00,1880.0,1890.0,1865.0,1870.0,0
2026-03-10 10:00:00+08:00,1860.0,1890.0,1860.0,1885.0,8256016
2026-03-10 11:00:00+08:00,1835.0,1870.0,1830.0,1860.0,7500756
2026-03-10 12:00:00+08:00,1855.0,1855.0,1835.0,1840.0,4664713
2026-03-10 13:00:00+08:00,1855.0,1865.0,1850.0,1855.0,3683405
2026-03-11 09:00:00+08:00,1895.0,1900.0,1875.0,1885.0,0
2026-03-11 10:00:00+08:00,1920.0,1925.0,1895.0,1900.0,8583924
2026-03-11 11:00:00+08:00,1945.0,1950.0,1920.0,1925.0,5655088
2026-03-11 12:00:00+08:00,1945.0,1950.0,1940.0,1945.0,3462566
2026-03-11 13:00:00+08:00,1940.0,1945.0,1930.0,1940.0,4229497
2026-03-12 09:00:00+08:00,1905.0,1915.0,1895.0,1900.0,0
2026-03-12 10:00:00+08:00,1890.0,1905.0,1885.0,1905.0,7782869
2026-03-12 11:00:00+08:00,1895.0,1895.0,1890.0,1895.0,2548285
2026-03-12 12:00:00+08:00,1885.0,1895.0,1885.0,1895.0,5027407
2026-03-12 13:00:00+08:00,1890.0,1895.0,1885.0,1890.0,2839715
2026-03-13 09:00:00+08:00,1870.0,1870.0,1840.0,1840.0,0
2026-03-13 10:00:00+08:00,1870.0,1885.0,1865.0,1870.0,4917404
2026-03-13 11:00:00+08:00,1875.0,1880.0,1870.0,1875.0,2502012
2026-03-13 12:00:00+08:00,1865.0,1875.0,1860.0,1870.0,5635876
2026-03-13 13:00:00+08:00,1870.0,1875.0,1865.0,1870.0,2224878
2026-03-16 09:00:00+08:00,1860.0,1880.0,1850.0,1875.0,0
2026-03-16 10:00:00+08:00,1850.0,1865.0,1850.0,1860.0,3667922
2026-03-16 11:00:00+08:00,1860.0,1865.0,1850.0,1855.0,3844284
2026-03-16 12:00:00+08:00,1855.0,1860.0,1850.0,1860.0,4321291
2026-03-16 13:00:00+08:00,1855.0,1855.0,1850.0,1855.0,3729415
2026-03-17 09:00:00+08:00,1870.0,1880.0,1860.0,1875.0,0
2026-03-17 10:00:00+08:00,1865.0,1875.0,1865.0,1875.0,2439174
2026-03-17 11:00:00+08:00,1865.0,1875.0,1860.0,1865.0,3094166
2026-03-17 12:00:00+08:00,1865.0,1875.0,1865.0,1870.0,2890596
2026-03-17 13:00:00+08:00,1870.0,1875.0,1865.0,1870.0,1504765
2026-03-18 09:00:00+08:00,1905.0,1910.0,1895.0,1900.0,0
2026-03-18 10:00:00+08:00,1905.0,1910.0,1895.0,1905.0,3143990
2026-03-18 11:00:00+08:00,1905.0,1910.0,1900.0,1900.0,2399470
2026-03-18 12:00:00+08:00,1895.0,1910.0,1895.0,1905.0,3668234
2026-03-18 13:00:00+08:00,1905.0,1905.0,1890.0,1895.0,3292822
2026-03-19 09:00:00+08:00,1870.0,1880.0,1855.0,1875.0,0
2026-03-19 10:00:00+08:00,1865.0,1875.0,1865.0,1870.0,2638822
2026-03-19 11:00:00+08:00,1865.0,1870.0,1860.0,1870.0,5041811
2026-03-19 12:00:00+08:00,1855.0,1865.0,1850.0,1865.0,9141546
2026-03-19 13:00:00+08:00,1855.0,1860.0,1850.0,1855.0,5523958
2026-03-20 09:00:00+08:00,1855.0,1870.0,1845.0,1860.0,0
2026-03-20 10:00:00+08:00,1855.0,1860.0,1850.0,1855.0,2183951
2026-03-20 11:00:00+08:00,1850.0,1860.0,1850.0,1860.0,2138849
2026-03-20 12:00:00+08:00,1845.0,1855.0,1840.0,1855.0,8292213
2026-03-20 13:00:00+08:00,1845.0,1845.0,1840.0,1845.0,3855264
2026-03-23 09:00:00+08:00,1805.0,1810.0,1785.0,1790.0,0
2026-03-23 10:00:00+08:00,1800.0,1810.0,1795.0,1805.0,5950249
2026-03-23 11:00:00+08:00,1800.0,1805.0,1795.0,1795.0,4469873
2026-03-23 12:00:00+08:00,1805.0,1805.0,1795.0,1805.0,5458275
2026-03-23 13:00:00+08:00,1810.0,1815.0,1800.0,1805.0,3457287
2026-03-24 09:00:00+08:00,1815.0,1850.0,1810.0,1850.0,0
2026-03-24 10:00:00+08:00,1815.0,1825.0,1800.0,1815.0,4174061
2026-03-24 11:00:00+08:00,1820.0,1825.0,1815.0,1820.0,2127717
2026-03-24 12:00:00+08:00,1830.0,1840.0,1820.0,1825.0,3168619
2026-03-24 13:00:00+08:00,1825.0,1835.0,1820.0,1835.0,2162463
2026-03-25 09:00:00+08:00,1875.0,1875.0,1855.0,1865.0,0
2026-03-25 10:00:00+08:00,1860.0,1875.0,1855.0,1875.0,3937955
2026-03-25 11:00:00+08:00,1865.0,1870.0,1850.0,1860.0,5465920
2026-03-25 12:00:00+08:00,1855.0,1870.0,1855.0,1865.0,3448894
2026-03-25 13:00:00+08:00,1855.0,1860.0,1845.0,1860.0,5593867
2026-03-26 09:00:00+08:00,1860.0,1865.0,1850.0,1850.0,0
2026-03-26 10:00:00+08:00,1840.0,1865.0,1840.0,1865.0,5353593
2026-03-26 11:00:00+08:00,1850.0,1850.0,1840.0,1845.0,1719867
2026-03-26 12:00:00+08:00,1845.0,1855.0,1845.0,1850.0,3025234
2026-03-26 13:00:00+08:00,1850.0,1850.0,1845.0,1850.0,1652108
2026-03-27 09:00:00+08:00,1810.0,1815.0,1800.0,1805.0,0
2026-03-27 10:00:00+08:00,1810.0,1810.0,1800.0,1810.0,4758040
2026-03-27 11:00:00+08:00,1810.0,1815.0,1805.0,1805.0,2354126
2026-03-27 12:00:00+08:00,1820.0,1820.0,1810.0,1815.0,2978000
2026-03-27 13:00:00+08:00,1820.0,1825.0,1815.0,1820.0,2330058
